  m=4 I=[1] degenerate h=[1/9, 1/3, 1] lam=(1, 3): all faces individually degenerate: True
case 1: m=4 |I|=1  degeneracies=1  H consistent: True
case 2: m=4 |I|=4  degeneracies=0  H consistent: True
case 3: m=5 |I|=3  degeneracies=0  H consistent: True
case 4: m=6 |I|=5  degeneracies=0  H consistent: True
case 5: m=5 |I|=3  degeneracies=0  H consistent: True
case 6: m=4 |I|=2  degeneracies=0  H consistent: True
case 7: m=5 |I|=2  degeneracies=0  H consistent: True
case 8: m=3 |I|=2  degeneracies=0  H consistent: True
case 9: m=5 |I|=2  degeneracies=0  H consistent: True
case 10: m=4 |I|=4  degeneracies=0  H consistent: True
  m=6 I=[5] degenerate h=[1, 1, 1] lam=(1, 1): all faces individually degenerate: True
case 11: m=6 |I|=1  degeneracies=1  H consistent: True
  m=4 I=[1] degenerate h=[16/9, 4/3, 1] lam=(1, 3/4): all faces individually degenerate: True
case 12: m=4 |I|=1  degeneracies=1  H consistent: True
  m=5 I=[4] degenerate h=[1, -1, 1] lam=(1, -1): all faces individually degenerate: True
case 13: m=5 |I|=1  degeneracies=1  H consistent: True
  m=6 I=[5] degenerate h=[4, 2, 1] lam=(1, 1/2): all faces individually degenerate: True
case 14: m=6 |I|=1  degeneracies=1  H consistent: True
  m=4 I=[3] degenerate h=[4, 2, 1] lam=(1, 1/2): all faces individually degenerate: True
case 15: m=4 |I|=1  degeneracies=1  H consistent: True
case 16: m=4 |I|=3  degeneracies=0  H consistent: True
case 17: m=6 |I|=6  degeneracies=0  H consistent: True
case 18: m=4 |I|=3  degeneracies=0  H consistent: True
  m=6 I=[5] degenerate h=[16, -4, 1] lam=(1, -1/4): all faces individually degenerate: True
case 19: m=6 |I|=1  degeneracies=1  H consistent: True
case 20: m=6 |I|=6  degeneracies=0  H consistent: True
case 21: m=6 |I|=2  degeneracies=0  H consistent: True
case 22: m=6 |I|=4  degeneracies=0  H consistent: True
case 23: m=5 |I|=5  degeneracies=0  H consistent: True
case 24: m=6 |I|=5  degeneracies=0  H consistent: True
case 25: m=5 |I|=5  degeneracies=0  H consistent: True
case 26: m=6 |I|=6  degeneracies=0  H consistent: True
case 27: m=4 |I|=2  degeneracies=0  H consistent: True
  m=4 I=[2] degenerate h=[1, 1, 1] lam=(1, 1): all faces individually degenerate: True
case 28: m=4 |I|=1  degeneracies=1  H consistent: True
case 29: m=6 |I|=4  degeneracies=0  H consistent: True
case 30: m=5 |I|=3  degeneracies=0  H consistent: True
  m=6 I=[4] degenerate h=[0, 0, 1] lam=(0, 1): all faces individually degenerate: True
case 31: m=6 |I|=1  degeneracies=1  H consistent: True
case 32: m=5 |I|=3  degeneracies=0  H consistent: True
case 33: m=3 |I|=3  degeneracies=0  H consistent: True
case 34: m=6 |I|=3  degeneracies=0  H consistent: True
  m=6 I=[1] degenerate h=[0, 0, 1] lam=(0, 1): all faces individually degenerate: True
case 35: m=6 |I|=1  degeneracies=1  H consistent: True
case 36: m=5 |I|=4  degeneracies=0  H consistent: True
case 37: m=6 |I|=4  degeneracies=0  H consistent: True
  m=6 I=[2] degenerate h=[1, 0, 0] lam=(1, 0): all faces individually degenerate: True
case 38: m=6 |I|=1  degeneracies=1  H consistent: True
case 39: m=5 |I|=5  degeneracies=0  H consistent: True
case 40: m=3 |I|=3  degeneracies=0  H consistent: True
case 41: m=5 |I|=5  degeneracies=0  H consistent: True
case 42: m=6 |I|=3  degeneracies=0  H consistent: True
  m=5 I=[2] degenerate h=[1/16, 1/4, 1] lam=(1, 4): all faces individually degenerate: True
case 43: m=5 |I|=1  degeneracies=1  H consistent: True
case 44: m=3 |I|=3  degeneracies=0  H consistent: True
  m=6 I=[5] degenerate h=[9, 3, 1] lam=(1, 1/3): all faces individually degenerate: True
case 45: m=6 |I|=1  degeneracies=1  H consistent: True
case 46: m=4 |I|=2  degeneracies=0  H consistent: True
case 47: m=6 |I|=6  degeneracies=0  H consistent: True
case 48: m=6 |I|=6  degeneracies=0  H consistent: True
case 49: m=6 |I|=4  degeneracies=0  H consistent: True
case 50: m=4 |I|=3  degeneracies=0  H consistent: True
case 51: m=6 |I|=2  degeneracies=0  H consistent: True
case 52: m=3 |I|=2  degeneracies=0  H consistent: True
case 53: m=6 |I|=2  degeneracies=0  H consistent: True
case 54: m=5 |I|=3  degeneracies=0  H consistent: True
case 55: m=4 |I|=3  degeneracies=0  H consistent: True
case 56: m=6 |I|=6  degeneracies=0  H consistent: True
case 57: m=3 |I|=2  degeneracies=0  H consistent: True
case 58: m=3 |I|=2  degeneracies=0  H consistent: True
case 59: m=6 |I|=2  degeneracies=0  H consistent: True
  m=4 I=[1] degenerate h=[9/16, -3/4, 1] lam=(1, -4/3): all faces individually degenerate: True
case 60: m=4 |I|=1  degeneracies=1  H consistent: True
case 61: m=6 |I|=6  degeneracies=0  H consistent: True
  m=5 I=[4] degenerate h=[1, 0, 0] lam=(1, 0): all faces individually degenerate: True
case 62: m=5 |I|=1  degeneracies=1  H consistent: True
case 63: m=5 |I|=4  degeneracies=0  H consistent: True
case 64: m=6 |I|=4  degeneracies=0  H consistent: True
case 65: m=6 |I|=2  degeneracies=0  H consistent: True
case 66: m=4 |I|=2  degeneracies=0  H consistent: True
case 67: m=5 |I|=4  degeneracies=0  H consistent: True
case 68: m=6 |I|=6  degeneracies=0  H consistent: True
case 69: m=5 |I|=2  degeneracies=0  H consistent: True
  m=6 I=[0] degenerate h=[4/25, 2/5, 1] lam=(1, 5/2): all faces individually degenerate: True
case 70: m=6 |I|=1  degeneracies=1  H consistent: True
case 71: m=4 |I|=3  degeneracies=0  H consistent: True
case 72: m=5 |I|=3  degeneracies=0  H consistent: True
case 73: m=5 |I|=2  degeneracies=0  H consistent: True
case 74: m=6 |I|=5  degeneracies=0  H consistent: True
case 75: m=6 |I|=2  degeneracies=0  H consistent: True
case 76: m=6 |I|=5  degeneracies=0  H consistent: True
  m=5 I=[2] degenerate h=[4, -2, 1] lam=(1, -1/2): all faces individually degenerate: True
case 77: m=5 |I|=1  degeneracies=1  H consistent: True
case 78: m=3 |I|=3  degeneracies=0  H consistent: True
case 79: m=6 |I|=5  degeneracies=0  H consistent: True
  m=4 I=[0] degenerate h=[1/16, -1/4, 1] lam=(1, -4): all faces individually degenerate: True
case 80: m=4 |I|=1  degeneracies=1  H consistent: True
case 81: m=4 |I|=4  degeneracies=0  H consistent: True
case 82: m=5 |I|=5  degeneracies=0  H consistent: True
case 83: m=6 |I|=6  degeneracies=0  H consistent: True
case 84: m=4 |I|=4  degeneracies=0  H consistent: True
  m=5 I=[2] degenerate h=[4, -2, 1] lam=(1, -1/2): all faces individually degenerate: True
case 85: m=5 |I|=1  degeneracies=1  H consistent: True
case 86: m=4 |I|=2  degeneracies=0  H consistent: True
case 87: m=6 |I|=6  degeneracies=0  H consistent: True
case 88: m=6 |I|=2  degeneracies=0  H consistent: True
  m=5 I=[4] degenerate h=[9/25, -3/5, 1] lam=(1, -5/3): all faces individually degenerate: True
case 89: m=5 |I|=1  degeneracies=1  H consistent: True
  m=5 I=[4] degenerate h=[4, -2, 1] lam=(1, -1/2): all faces individually degenerate: True
case 90: m=5 |I|=1  degeneracies=1  H consistent: True
  m=3 I=[0] degenerate h=[0, 0, 1] lam=(0, 1): all faces individually degenerate: True
case 91: m=3 |I|=1  degeneracies=1  H consistent: True
case 92: m=5 |I|=3  degeneracies=0  H consistent: True
  m=6 I=[3] degenerate h=[1, 0, 0] lam=(1, 0): all faces individually degenerate: True
case 93: m=6 |I|=1  degeneracies=1  H consistent: True
case 94: m=6 |I|=2  degeneracies=0  H consistent: True
case 95: m=3 |I|=2  degeneracies=0  H consistent: True
case 96: m=5 |I|=2  degeneracies=0  H consistent: True
case 97: m=5 |I|=2  degeneracies=0  H consistent: True
case 98: m=3 |I|=2  degeneracies=0  H consistent: True
  m=5 I=[4] degenerate h=[25/9, -5/3, 1] lam=(1, -3/5): all faces individually degenerate: True
case 99: m=5 |I|=1  degeneracies=1  H consistent: True
case 100: m=5 |I|=2  degeneracies=0  H consistent: True
case 101: m=6 |I|=6  degeneracies=0  H consistent: True
case 102: m=4 |I|=3  degeneracies=0  H consistent: True
  m=4 I=[1] degenerate h=[1/16, -1/4, 1] lam=(1, -4): all faces individually degenerate: True
case 103: m=4 |I|=1  degeneracies=1  H consistent: True
case 104: m=6 |I|=2  degeneracies=0  H consistent: True
case 105: m=4 |I|=4  degeneracies=0  H consistent: True
  m=5 I=[4] degenerate h=[49/4, 7/2, 1] lam=(1, 2/7): all faces individually degenerate: True
case 106: m=5 |I|=1  degeneracies=1  H consistent: True
case 107: m=4 |I|=2  degeneracies=0  H consistent: True
case 108: m=4 |I|=2  degeneracies=0  H consistent: True
  m=4 I=[0] degenerate h=[1/4, -1/2, 1] lam=(1, -2): all faces individually degenerate: True
case 109: m=4 |I|=1  degeneracies=1  H consistent: True
case 110: m=5 |I|=5  degeneracies=0  H consistent: True
case 111: m=5 |I|=2  degeneracies=0  H consistent: True
  m=3 I=[0] degenerate h=[0, 0, 1] lam=(0, 1): all faces individually degenerate: True
case 112: m=3 |I|=1  degeneracies=1  H consistent: True
case 113: m=4 |I|=3  degeneracies=0  H consistent: True
case 114: m=4 |I|=3  degeneracies=0  H consistent: True
case 115: m=6 |I|=6  degeneracies=0  H consistent: True
case 116: m=5 |I|=5  degeneracies=0  H consistent: True
case 117: m=5 |I|=4  degeneracies=0  H consistent: True
  m=5 I=[4] degenerate h=[1, 0, 0] lam=(1, 0): all faces individually degenerate: True
case 118: m=5 |I|=1  degeneracies=1  H consistent: True
  m=5 I=[3] degenerate h=[1/4, -1/2, 1] lam=(1, -2): all faces individually degenerate: True
case 119: m=5 |I|=1  degeneracies=1  H consistent: True
case 120: m=5 |I|=3  degeneracies=0  H consistent: True
case 121: m=5 |I|=5  degeneracies=0  H consistent: True
case 122: m=4 |I|=2  degeneracies=0  H consistent: True
case 123: m=6 |I|=4  degeneracies=0  H consistent: True
  m=4 I=[3] degenerate h=[16, 4, 1] lam=(1, 1/4): all faces individually degenerate: True
case 124: m=4 |I|=1  degeneracies=1  H consistent: True
case 125: m=4 |I|=3  degeneracies=0  H consistent: True
case 126: m=4 |I|=3  degeneracies=0  H consistent: True
case 127: m=6 |I|=6  degeneracies=0  H consistent: True
case 128: m=3 |I|=2  degeneracies=0  H consistent: True
case 129: m=6 |I|=3  degeneracies=0  H consistent: True
  m=5 I=[2] degenerate h=[1, 0, 0] lam=(1, 0): all faces individually degenerate: True
case 130: m=5 |I|=1  degeneracies=1  H consistent: True
case 131: m=5 |I|=2  degeneracies=0  H consistent: True
case 132: m=5 |I|=3  degeneracies=0  H consistent: True
case 133: m=6 |I|=2  degeneracies=0  H consistent: True
case 134: m=5 |I|=2  degeneracies=0  H consistent: True
case 135: m=6 |I|=3  degeneracies=0  H consistent: True
  m=6 I=[2] degenerate h=[1, -1, 1] lam=(1, -1): all faces individually degenerate: True
case 136: m=6 |I|=1  degeneracies=1  H consistent: True
case 137: m=5 |I|=5  degeneracies=0  H consistent: True
case 138: m=4 |I|=4  degeneracies=0  H consistent: True
  m=6 I=[3] degenerate h=[1, 0, 0] lam=(1, 0): all faces individually degenerate: True
case 139: m=6 |I|=1  degeneracies=1  H consistent: True
case 140: m=5 |I|=5  degeneracies=0  H consistent: True
  m=5 I=[4] degenerate h=[1, 0, 0] lam=(1, 0): all faces individually degenerate: True
case 141: m=5 |I|=1  degeneracies=1  H consistent: True
case 142: m=5 |I|=3  degeneracies=0  H consistent: True
  m=6 I=[5] degenerate h=[1, 0, 0] lam=(1, 0): all faces individually degenerate: True
case 143: m=6 |I|=1  degeneracies=1  H consistent: True
case 144: m=4 |I|=4  degeneracies=0  H consistent: True
case 145: m=6 |I|=6  degeneracies=0  H consistent: True
case 146: m=5 |I|=4  degeneracies=0  H consistent: True
  m=5 I=[0] degenerate h=[1/4, 1/2, 1] lam=(1, 2): all faces individually degenerate: True
case 147: m=5 |I|=1  degeneracies=1  H consistent: True
case 148: m=4 |I|=3  degeneracies=0  H consistent: True
case 149: m=6 |I|=2  degeneracies=0  H consistent: True
  m=6 I=[2] degenerate h=[9, 3, 1] lam=(1, 1/3): all faces individually degenerate: True
case 150: m=6 |I|=1  degeneracies=1  H consistent: True
case 151: m=3 |I|=2  degeneracies=0  H consistent: True
case 152: m=4 |I|=3  degeneracies=0  H consistent: True
case 153: m=5 |I|=3  degeneracies=0  H consistent: True
case 154: m=6 |I|=5  degeneracies=0  H consistent: True
case 155: m=4 |I|=3  degeneracies=0  H consistent: True
case 156: m=3 |I|=3  degeneracies=0  H consistent: True
case 157: m=6 |I|=5  degeneracies=0  H consistent: True
case 158: m=6 |I|=4  degeneracies=0  H consistent: True
case 159: m=5 |I|=2  degeneracies=0  H consistent: True
case 160: m=4 |I|=4  degeneracies=0  H consistent: True
case 161: m=6 |I|=3  degeneracies=0  H consistent: True
case 162: m=5 |I|=2  degeneracies=0  H consistent: True
case 163: m=6 |I|=3  degeneracies=0  H consistent: True
case 164: m=4 |I|=4  degeneracies=0  H consistent: True
case 165: m=4 |I|=2  degeneracies=0  H consistent: True
case 166: m=6 |I|=2  degeneracies=0  H consistent: True
case 167: m=5 |I|=3  degeneracies=0  H consistent: True
case 168: m=6 |I|=4  degeneracies=0  H consistent: True
  m=5 I=[0] degenerate h=[0, 0, 1] lam=(0, 1): all faces individually degenerate: True
case 169: m=5 |I|=1  degeneracies=1  H consistent: True
case 170: m=5 |I|=4  degeneracies=0  H consistent: True
case 171: m=6 |I|=3  degeneracies=0  H consistent: True
case 172: m=6 |I|=2  degeneracies=0  H consistent: True
case 173: m=6 |I|=6  degeneracies=0  H consistent: True
case 174: m=4 |I|=4  degeneracies=0  H consistent: True
case 175: m=5 |I|=3  degeneracies=0  H consistent: True
case 176: m=5 |I|=2  degeneracies=0  H consistent: True
case 177: m=4 |I|=3  degeneracies=0  H consistent: True
case 178: m=5 |I|=3  degeneracies=0  H consistent: True
case 179: m=5 |I|=3  degeneracies=0  H consistent: True
case 180: m=4 |I|=3  degeneracies=0  H consistent: True
  m=5 I=[3] degenerate h=[1/9, 1/3, 1] lam=(1, 3): all faces individually degenerate: True
case 181: m=5 |I|=1  degeneracies=1  H consistent: True
case 182: m=4 |I|=4  degeneracies=0  H consistent: True
case 183: m=6 |I|=6  degeneracies=0  H consistent: True
case 184: m=5 |I|=4  degeneracies=0  H consistent: True
case 185: m=5 |I|=4  degeneracies=0  H consistent: True
  m=4 I=[1] degenerate h=[1, 1, 1] lam=(1, 1): all faces individually degenerate: True
case 186: m=4 |I|=1  degeneracies=1  H consistent: True
  m=6 I=[5] degenerate h=[4, 2, 1] lam=(1, 1/2): all faces individually degenerate: True
case 187: m=6 |I|=1  degeneracies=1  H consistent: True
case 188: m=5 |I|=5  degeneracies=0  H consistent: True
case 189: m=5 |I|=4  degeneracies=0  H consistent: True
case 190: m=3 |I|=2  degeneracies=0  H consistent: True
case 191: m=5 |I|=5  degeneracies=0  H consistent: True
case 192: m=6 |I|=5  degeneracies=0  H consistent: True
case 193: m=4 |I|=4  degeneracies=0  H consistent: True
case 194: m=4 |I|=4  degeneracies=0  H consistent: True
case 195: m=6 |I|=4  degeneracies=0  H consistent: True
case 196: m=6 |I|=6  degeneracies=0  H consistent: True
case 197: m=4 |I|=3  degeneracies=0  H consistent: True
  m=5 I=[1] degenerate h=[36, -6, 1] lam=(1, -1/6): all faces individually degenerate: True
case 198: m=5 |I|=1  degeneracies=1  H consistent: True
case 199: m=6 |I|=6  degeneracies=0  H consistent: True
case 200: m=5 |I|=2  degeneracies=0  H consistent: True
case 201: m=4 |I|=4  degeneracies=0  H consistent: True
case 202: m=5 |I|=3  degeneracies=0  H consistent: True
case 203: m=6 |I|=4  degeneracies=0  H consistent: True
case 204: m=3 |I|=3  degeneracies=0  H consistent: True
case 205: m=4 |I|=3  degeneracies=0  H consistent: True
case 206: m=6 |I|=5  degeneracies=0  H consistent: True
case 207: m=4 |I|=4  degeneracies=0  H consistent: True
  m=6 I=[4] degenerate h=[1/16, -1/4, 1] lam=(1, -4): all faces individually degenerate: True
case 208: m=6 |I|=1  degeneracies=1  H consistent: True
case 209: m=5 |I|=2  degeneracies=0  H consistent: True
case 210: m=6 |I|=3  degeneracies=0  H consistent: True
  m=4 I=[1] degenerate h=[1, 0, 0] lam=(1, 0): all faces individually degenerate: True
case 211: m=4 |I|=1  degeneracies=1  H consistent: True
case 212: m=5 |I|=4  degeneracies=0  H consistent: True
case 213: m=5 |I|=5  degeneracies=0  H consistent: True
case 214: m=5 |I|=2  degeneracies=0  H consistent: True
case 215: m=4 |I|=2  degeneracies=0  H consistent: True
case 216: m=5 |I|=3  degeneracies=0  H consistent: True
  m=5 I=[1] degenerate h=[4, 2, 1] lam=(1, 1/2): all faces individually degenerate: True
case 217: m=5 |I|=1  degeneracies=1  H consistent: True
case 218: m=6 |I|=2  degeneracies=0  H consistent: True
case 219: m=6 |I|=6  degeneracies=0  H consistent: True
case 220: m=5 |I|=2  degeneracies=0  H consistent: True
  m=6 I=[4] degenerate h=[1, -1, 1] lam=(1, -1): all faces individually degenerate: True
case 221: m=6 |I|=1  degeneracies=1  H consistent: True
case 222: m=3 |I|=3  degeneracies=0  H consistent: True
case 223: m=6 |I|=6  degeneracies=0  H consistent: True
  m=4 I=[2] degenerate h=[1/9, -1/3, 1] lam=(1, -3): all faces individually degenerate: True
case 224: m=4 |I|=1  degeneracies=1  H consistent: True
case 225: m=6 |I|=5  degeneracies=0  H consistent: True
case 226: m=4 |I|=2  degeneracies=0  H consistent: True
  m=3 I=[1] degenerate h=[0, 0, 1] lam=(0, 1): all faces individually degenerate: True
case 227: m=3 |I|=1  degeneracies=1  H consistent: True
case 228: m=6 |I|=6  degeneracies=0  H consistent: True
case 229: m=6 |I|=2  degeneracies=0  H consistent: True
case 230: m=6 |I|=6  degeneracies=0  H consistent: True
case 231: m=4 |I|=3  degeneracies=0  H consistent: True
case 232: m=5 |I|=5  degeneracies=0  H consistent: True
  m=5 I=[1] degenerate h=[1/4, 1/2, 1] lam=(1, 2): all faces individually degenerate: True
case 233: m=5 |I|=1  degeneracies=1  H consistent: True
case 234: m=5 |I|=4  degeneracies=0  H consistent: True
  m=6 I=[4] degenerate h=[0, 0, 1] lam=(0, 1): all faces individually degenerate: True
case 235: m=6 |I|=1  degeneracies=1  H consistent: True
case 236: m=3 |I|=2  degeneracies=0  H consistent: True
case 237: m=4 |I|=4  degeneracies=0  H consistent: True
case 238: m=6 |I|=4  degeneracies=0  H consistent: True
case 239: m=5 |I|=3  degeneracies=0  H consistent: True
case 240: m=4 |I|=4  degeneracies=0  H consistent: True
case 241: m=6 |I|=2  degeneracies=0  H consistent: True
case 242: m=5 |I|=2  degeneracies=0  H consistent: True
case 243: m=4 |I|=3  degeneracies=0  H consistent: True
  m=6 I=[4] degenerate h=[1, -1, 1] lam=(1, -1): all faces individually degenerate: True
case 244: m=6 |I|=1  degeneracies=1  H consistent: True
case 245: m=4 |I|=3  degeneracies=0  H consistent: True
case 246: m=6 |I|=6  degeneracies=0  H consistent: True
case 247: m=6 |I|=5  degeneracies=0  H consistent: True
case 248: m=4 |I|=2  degeneracies=0  H consistent: True
  m=4 I=[1] degenerate h=[1/9, 1/3, 1] lam=(1, 3): all faces individually degenerate: True
case 249: m=4 |I|=1  degeneracies=1  H consistent: True
case 250: m=5 |I|=3  degeneracies=0  H consistent: True
case 251: m=4 |I|=4  degeneracies=0  H consistent: True
case 252: m=5 |I|=3  degeneracies=0  H consistent: True
case 253: m=5 |I|=2  degeneracies=0  H consistent: True
case 254: m=5 |I|=5  degeneracies=0  H consistent: True
case 255: m=6 |I|=2  degeneracies=0  H consistent: True
case 256: m=6 |I|=3  degeneracies=0  H consistent: True
case 257: m=4 |I|=3  degeneracies=0  H consistent: True
  m=3 I=[2] degenerate h=[9, 3, 1] lam=(1, 1/3): all faces individually degenerate: True
case 258: m=3 |I|=1  degeneracies=1  H consistent: True
case 259: m=3 |I|=3  degeneracies=0  H consistent: True
case 260: m=6 |I|=4  degeneracies=0  H consistent: True
case 261: m=6 |I|=6  degeneracies=0  H consistent: True
case 262: m=6 |I|=5  degeneracies=0  H consistent: True
case 263: m=4 |I|=2  degeneracies=0  H consistent: True
case 264: m=6 |I|=6  degeneracies=0  H consistent: True
  m=6 I=[1] degenerate h=[1, 1, 1] lam=(1, 1): all faces individually degenerate: True
case 265: m=6 |I|=1  degeneracies=1  H consistent: True
case 266: m=6 |I|=2  degeneracies=0  H consistent: True
case 267: m=6 |I|=6  degeneracies=0  H consistent: True
case 268: m=4 |I|=2  degeneracies=0  H consistent: True
case 269: m=4 |I|=4  degeneracies=0  H consistent: True
case 270: m=5 |I|=5  degeneracies=0  H consistent: True
case 271: m=6 |I|=3  degeneracies=0  H consistent: True
case 272: m=4 |I|=3  degeneracies=0  H consistent: True
  m=4 I=[1] degenerate h=[1/4, 1/2, 1] lam=(1, 2): all faces individually degenerate: True
case 273: m=4 |I|=1  degeneracies=1  H consistent: True
case 274: m=6 |I|=2  degeneracies=0  H consistent: True
  m=5 I=[2] degenerate h=[0, 0, 1] lam=(0, 1): all faces individually degenerate: True
case 275: m=5 |I|=1  degeneracies=1  H consistent: True
case 276: m=4 |I|=3  degeneracies=0  H consistent: True
case 277: m=6 |I|=3  degeneracies=0  H consistent: True
case 278: m=6 |I|=6  degeneracies=0  H consistent: True
case 279: m=4 |I|=4  degeneracies=0  H consistent: True
  m=5 I=[3] degenerate h=[9/4, -3/2, 1] lam=(1, -2/3): all faces individually degenerate: True
case 280: m=5 |I|=1  degeneracies=1  H consistent: True
case 281: m=5 |I|=3  degeneracies=0  H consistent: True
case 282: m=5 |I|=5  degeneracies=0  H consistent: True
case 283: m=5 |I|=4  degeneracies=0  H consistent: True
case 284: m=6 |I|=4  degeneracies=0  H consistent: True
case 285: m=6 |I|=2  degeneracies=0  H consistent: True
  m=5 I=[2] degenerate h=[9/25, 3/5, 1] lam=(1, 5/3): all faces individually degenerate: True
case 286: m=5 |I|=1  degeneracies=1  H consistent: True
case 287: m=4 |I|=2  degeneracies=0  H consistent: True
case 288: m=6 |I|=3  degeneracies=0  H consistent: True
case 289: m=5 |I|=2  degeneracies=0  H consistent: True
case 290: m=4 |I|=3  degeneracies=0  H consistent: True
case 291: m=5 |I|=3  degeneracies=0  H consistent: True
case 292: m=5 |I|=3  degeneracies=0  H consistent: True
case 293: m=6 |I|=3  degeneracies=0  H consistent: True
case 294: m=5 |I|=4  degeneracies=0  H consistent: True
case 295: m=6 |I|=2  degeneracies=0  H consistent: True
case 296: m=5 |I|=5  degeneracies=0  H consistent: True
case 297: m=5 |I|=5  degeneracies=0  H consistent: True
case 298: m=5 |I|=3  degeneracies=0  H consistent: True
case 299: m=4 |I|=3  degeneracies=0  H consistent: True
case 300: m=5 |I|=4  degeneracies=0  H consistent: True
case 301: m=6 |I|=6  degeneracies=0  H consistent: True
case 302: m=5 |I|=2  degeneracies=0  H consistent: True
case 303: m=5 |I|=5  degeneracies=0  H consistent: True
case 304: m=5 |I|=3  degeneracies=0  H consistent: True
  m=6 I=[3] degenerate h=[4, 2, 1] lam=(1, 1/2): all faces individually degenerate: True
case 305: m=6 |I|=1  degeneracies=1  H consistent: True
case 306: m=4 |I|=3  degeneracies=0  H consistent: True
case 307: m=3 |I|=2  degeneracies=0  H consistent: True
case 308: m=5 |I|=4  degeneracies=0  H consistent: True
case 309: m=6 |I|=4  degeneracies=0  H consistent: True
case 310: m=4 |I|=2  degeneracies=0  H consistent: True
case 311: m=6 |I|=5  degeneracies=0  H consistent: True
case 312: m=6 |I|=4  degeneracies=0  H consistent: True
case 313: m=5 |I|=2  degeneracies=0  H consistent: True
case 314: m=5 |I|=2  degeneracies=0  H consistent: True
case 315: m=6 |I|=5  degeneracies=0  H consistent: True
case 316: m=6 |I|=4  degeneracies=0  H consistent: True
case 317: m=5 |I|=3  degeneracies=0  H consistent: True
case 318: m=6 |I|=3  degeneracies=0  H consistent: True
case 319: m=5 |I|=2  degeneracies=0  H consistent: True
case 320: m=6 |I|=2  degeneracies=0  H consistent: True
case 321: m=6 |I|=5  degeneracies=0  H consistent: True
case 322: m=6 |I|=2  degeneracies=0  H consistent: True
  m=5 I=[4] degenerate h=[4, -2, 1] lam=(1, -1/2): all faces individually degenerate: True
case 323: m=5 |I|=1  degeneracies=1  H consistent: True
case 324: m=4 |I|=4  degeneracies=0  H consistent: True
case 325: m=5 |I|=5  degeneracies=0  H consistent: True
case 326: m=4 |I|=3  degeneracies=0  H consistent: True
  m=5 I=[3] degenerate h=[9, 3, 1] lam=(1, 1/3): all faces individually degenerate: True
case 327: m=5 |I|=1  degeneracies=1  H consistent: True
case 328: m=4 |I|=3  degeneracies=0  H consistent: True
  m=6 I=[0] degenerate h=[1/16, -1/4, 1] lam=(1, -4): all faces individually degenerate: True
case 329: m=6 |I|=1  degeneracies=1  H consistent: True
case 330: m=6 |I|=4  degeneracies=0  H consistent: True
case 331: m=5 |I|=5  degeneracies=0  H consistent: True
case 332: m=5 |I|=3  degeneracies=0  H consistent: True
case 333: m=5 |I|=4  degeneracies=0  H consistent: True
  m=4 I=[1] degenerate h=[1/9, 1/3, 1] lam=(1, 3): all faces individually degenerate: True
case 334: m=4 |I|=1  degeneracies=1  H consistent: True
  m=4 I=[3] degenerate h=[1, 0, 0] lam=(1, 0): all faces individually degenerate: True
case 335: m=4 |I|=1  degeneracies=1  H consistent: True
case 336: m=6 |I|=4  degeneracies=0  H consistent: True
case 337: m=5 |I|=5  degeneracies=0  H consistent: True
  m=5 I=[3] degenerate h=[4, -2, 1] lam=(1, -1/2): all faces individually degenerate: True
case 338: m=5 |I|=1  degeneracies=1  H consistent: True
  m=4 I=[0] degenerate h=[4, 2, 1] lam=(1, 1/2): all faces individually degenerate: True
case 339: m=4 |I|=1  degeneracies=1  H consistent: True
case 340: m=6 |I|=4  degeneracies=0  H consistent: True
case 341: m=6 |I|=6  degeneracies=0  H consistent: True
case 342: m=5 |I|=3  degeneracies=0  H consistent: True
  m=5 I=[0] degenerate h=[1/4, 1/2, 1] lam=(1, 2): all faces individually degenerate: True
case 343: m=5 |I|=1  degeneracies=1  H consistent: True
case 344: m=5 |I|=3  degeneracies=0  H consistent: True
case 345: m=4 |I|=3  degeneracies=0  H consistent: True
case 346: m=6 |I|=3  degeneracies=0  H consistent: True
case 347: m=5 |I|=2  degeneracies=0  H consistent: True
case 348: m=5 |I|=5  degeneracies=0  H consistent: True
case 349: m=6 |I|=2  degeneracies=0  H consistent: True
case 350: m=5 |I|=4  degeneracies=0  H consistent: True
case 351: m=4 |I|=2  degeneracies=0  H consistent: True
case 352: m=4 |I|=3  degeneracies=0  H consistent: True
case 353: m=6 |I|=4  degeneracies=0  H consistent: True
case 354: m=6 |I|=6  degeneracies=0  H consistent: True
case 355: m=5 |I|=3  degeneracies=0  H consistent: True
case 356: m=6 |I|=4  degeneracies=0  H consistent: True
case 357: m=5 |I|=3  degeneracies=0  H consistent: True
case 358: m=4 |I|=2  degeneracies=0  H consistent: True
case 359: m=6 |I|=6  degeneracies=0  H consistent: True
  m=6 I=[3] degenerate h=[9/25, 3/5, 1] lam=(1, 5/3): all faces individually degenerate: True
case 360: m=6 |I|=1  degeneracies=1  H consistent: True
  m=6 I=[1] degenerate h=[1, 1, 1] lam=(1, 1): all faces individually degenerate: True
case 361: m=6 |I|=1  degeneracies=1  H consistent: True
  m=6 I=[4] degenerate h=[1, -1, 1] lam=(1, -1): all faces individually degenerate: True
case 362: m=6 |I|=1  degeneracies=1  H consistent: True
case 363: m=6 |I|=5  degeneracies=0  H consistent: True
  m=5 I=[0] degenerate h=[1/4, 1/2, 1] lam=(1, 2): all faces individually degenerate: True
case 364: m=5 |I|=1  degeneracies=1  H consistent: True
case 365: m=4 |I|=3  degeneracies=0  H consistent: True
case 366: m=5 |I|=3  degeneracies=0  H consistent: True
case 367: m=6 |I|=5  degeneracies=0  H consistent: True
case 368: m=5 |I|=5  degeneracies=0  H consistent: True
case 369: m=6 |I|=3  degeneracies=0  H consistent: True
case 370: m=5 |I|=5  degeneracies=0  H consistent: True
case 371: m=5 |I|=2  degeneracies=0  H consistent: True
case 372: m=5 |I|=4  degeneracies=0  H consistent: True
case 373: m=5 |I|=4  degeneracies=0  H consistent: True
  m=6 I=[1] degenerate h=[1/9, -1/3, 1] lam=(1, -3): all faces individually degenerate: True
case 374: m=6 |I|=1  degeneracies=1  H consistent: True
case 375: m=5 |I|=2  degeneracies=0  H consistent: True
case 376: m=5 |I|=4  degeneracies=0  H consistent: True
  m=4 I=[1] degenerate h=[25/9, -5/3, 1] lam=(1, -3/5): all faces individually degenerate: True
case 377: m=4 |I|=1  degeneracies=1  H consistent: True
case 378: m=6 |I|=4  degeneracies=0  H consistent: True
case 379: m=4 |I|=4  degeneracies=0  H consistent: True
case 380: m=5 |I|=2  degeneracies=0  H consistent: True
case 381: m=5 |I|=5  degeneracies=0  H consistent: True
case 382: m=4 |I|=2  degeneracies=0  H consistent: True
case 383: m=6 |I|=2  degeneracies=0  H consistent: True
case 384: m=4 |I|=4  degeneracies=0  H consistent: True
case 385: m=6 |I|=3  degeneracies=0  H consistent: True
case 386: m=6 |I|=3  degeneracies=0  H consistent: True
case 387: m=5 |I|=5  degeneracies=0  H consistent: True
case 388: m=6 |I|=5  degeneracies=0  H consistent: True
case 389: m=5 |I|=5  degeneracies=0  H consistent: True
case 390: m=5 |I|=5  degeneracies=0  H consistent: True
case 391: m=6 |I|=6  degeneracies=0  H consistent: True
case 392: m=6 |I|=5  degeneracies=0  H consistent: True
case 393: m=6 |I|=6  degeneracies=0  H consistent: True
case 394: m=6 |I|=3  degeneracies=0  H consistent: True
case 395: m=6 |I|=4  degeneracies=0  H consistent: True
case 396: m=6 |I|=2  degeneracies=0  H consistent: True
  m=5 I=[3] degenerate h=[4/9, -2/3, 1] lam=(1, -3/2): all faces individually degenerate: True
case 397: m=5 |I|=1  degeneracies=1  H consistent: True
case 398: m=4 |I|=3  degeneracies=0  H consistent: True
  m=5 I=[0] degenerate h=[4, 2, 1] lam=(1, 1/2): all faces individually degenerate: True
case 399: m=5 |I|=1  degeneracies=1  H consistent: True
  m=5 I=[3] degenerate h=[9/25, 3/5, 1] lam=(1, 5/3): all faces individually degenerate: True
case 400: m=5 |I|=1  degeneracies=1  H consistent: True
case 401: m=6 |I|=5  degeneracies=0  H consistent: True
  m=5 I=[4] degenerate h=[1, 0, 0] lam=(1, 0): all faces individually degenerate: True
case 402: m=5 |I|=1  degeneracies=1  H consistent: True
case 403: m=6 |I|=6  degeneracies=0  H consistent: True
case 404: m=5 |I|=5  degeneracies=0  H consistent: True
case 405: m=5 |I|=5  degeneracies=0  H consistent: True
  m=6 I=[5] degenerate h=[36, 6, 1] lam=(1, 1/6): all faces individually degenerate: True
case 406: m=6 |I|=1  degeneracies=1  H consistent: True
case 407: m=5 |I|=4  degeneracies=0  H consistent: True
case 408: m=5 |I|=3  degeneracies=0  H consistent: True
case 409: m=6 |I|=6  degeneracies=0  H consistent: True
case 410: m=5 |I|=3  degeneracies=0  H consistent: True
  m=4 I=[1] degenerate h=[4, -2, 1] lam=(1, -1/2): all faces individually degenerate: True
case 411: m=4 |I|=1  degeneracies=1  H consistent: True
case 412: m=6 |I|=6  degeneracies=0  H consistent: True
  m=5 I=[0] degenerate h=[0, 0, 1] lam=(0, 1): all faces individually degenerate: True
case 413: m=5 |I|=1  degeneracies=1  H consistent: True
case 414: m=6 |I|=5  degeneracies=0  H consistent: True
case 415: m=5 |I|=2  degeneracies=0  H consistent: True
case 416: m=6 |I|=6  degeneracies=0  H consistent: True
case 417: m=4 |I|=3  degeneracies=0  H consistent: True
case 418: m=6 |I|=3  degeneracies=0  H consistent: True
case 419: m=5 |I|=3  degeneracies=0  H consistent: True
case 420: m=4 |I|=2  degeneracies=0  H consistent: True
  m=4 I=[1] degenerate h=[1/25, 1/5, 1] lam=(1, 5): all faces individually degenerate: True
case 421: m=4 |I|=1  degeneracies=1  H consistent: True
case 422: m=5 |I|=5  degeneracies=0  H consistent: True
case 423: m=6 |I|=2  degeneracies=0  H consistent: True
case 424: m=4 |I|=4  degeneracies=0  H consistent: True
case 425: m=6 |I|=3  degeneracies=0  H consistent: True
case 426: m=5 |I|=4  degeneracies=0  H consistent: True
case 427: m=3 |I|=3  degeneracies=0  H consistent: True
case 428: m=6 |I|=4  degeneracies=0  H consistent: True
case 429: m=4 |I|=3  degeneracies=0  H consistent: True
case 430: m=6 |I|=4  degeneracies=0  H consistent: True
case 431: m=5 |I|=4  degeneracies=0  H consistent: True
case 432: m=6 |I|=2  degeneracies=0  H consistent: True
case 433: m=6 |I|=2  degeneracies=0  H consistent: True
case 434: m=6 |I|=4  degeneracies=0  H consistent: True
  m=6 I=[5] degenerate h=[16/9, -4/3, 1] lam=(1, -3/4): all faces individually degenerate: True
case 435: m=6 |I|=1  degeneracies=1  H consistent: True
case 436: m=5 |I|=4  degeneracies=0  H consistent: True
case 437: m=4 |I|=3  degeneracies=0  H consistent: True
case 438: m=6 |I|=6  degeneracies=0  H consistent: True
case 439: m=6 |I|=3  degeneracies=0  H consistent: True
case 440: m=5 |I|=4  degeneracies=0  H consistent: True
case 441: m=6 |I|=5  degeneracies=0  H consistent: True
case 442: m=5 |I|=2  degeneracies=0  H consistent: True
case 443: m=5 |I|=4  degeneracies=0  H consistent: True
case 444: m=4 |I|=2  degeneracies=0  H consistent: True
case 445: m=6 |I|=3  degeneracies=0  H consistent: True
  m=4 I=[3] degenerate h=[25/9, -5/3, 1] lam=(1, -3/5): all faces individually degenerate: True
case 446: m=4 |I|=1  degeneracies=1  H consistent: True
  m=6 I=[3] degenerate h=[25, 5, 1] lam=(1, 1/5): all faces individually degenerate: True
case 447: m=6 |I|=1  degeneracies=1  H consistent: True
case 448: m=5 |I|=4  degeneracies=0  H consistent: True
case 449: m=4 |I|=2  degeneracies=0  H consistent: True
  m=5 I=[4] degenerate h=[25/9, -5/3, 1] lam=(1, -3/5): all faces individually degenerate: True
case 450: m=5 |I|=1  degeneracies=1  H consistent: True
case 451: m=6 |I|=5  degeneracies=0  H consistent: True
case 452: m=6 |I|=2  degeneracies=0  H consistent: True
  m=4 I=[2] degenerate h=[4/25, -2/5, 1] lam=(1, -5/2): all faces individually degenerate: True
case 453: m=4 |I|=1  degeneracies=1  H consistent: True
case 454: m=6 |I|=4  degeneracies=0  H consistent: True
case 455: m=6 |I|=2  degeneracies=0  H consistent: True
  m=4 I=[3] degenerate h=[1, -1, 1] lam=(1, -1): all faces individually degenerate: True
case 456: m=4 |I|=1  degeneracies=1  H consistent: True
case 457: m=5 |I|=3  degeneracies=0  H consistent: True
  m=4 I=[1] degenerate h=[1, 0, 0] lam=(1, 0): all faces individually degenerate: True
case 458: m=4 |I|=1  degeneracies=1  H consistent: True
case 459: m=5 |I|=3  degeneracies=0  H consistent: True
case 460: m=5 |I|=2  degeneracies=0  H consistent: True
case 461: m=5 |I|=4  degeneracies=0  H consistent: True
case 462: m=5 |I|=3  degeneracies=0  H consistent: True
case 463: m=6 |I|=6  degeneracies=0  H consistent: True
case 464: m=6 |I|=2  degeneracies=0  H consistent: True
case 465: m=6 |I|=5  degeneracies=0  H consistent: True
case 466: m=3 |I|=3  degeneracies=0  H consistent: True
  m=6 I=[5] degenerate h=[1/4, 1/2, 1] lam=(1, 2): all faces individually degenerate: True
case 467: m=6 |I|=1  degeneracies=1  H consistent: True
case 468: m=4 |I|=2  degeneracies=0  H consistent: True
case 469: m=3 |I|=2  degeneracies=0  H consistent: True
case 470: m=5 |I|=2  degeneracies=0  H consistent: True
case 471: m=4 |I|=2  degeneracies=0  H consistent: True
case 472: m=4 |I|=3  degeneracies=0  H consistent: True
case 473: m=6 |I|=6  degeneracies=0  H consistent: True
case 474: m=6 |I|=6  degeneracies=0  H consistent: True
case 475: m=5 |I|=4  degeneracies=0  H consistent: True
  m=4 I=[0] degenerate h=[0, 0, 1] lam=(0, 1): all faces individually degenerate: True
case 476: m=4 |I|=1  degeneracies=1  H consistent: True
case 477: m=6 |I|=6  degeneracies=0  H consistent: True
case 478: m=5 |I|=4  degeneracies=0  H consistent: True
  m=5 I=[1] degenerate h=[9/4, -3/2, 1] lam=(1, -2/3): all faces individually degenerate: True
case 479: m=5 |I|=1  degeneracies=1  H consistent: True
case 480: m=5 |I|=5  degeneracies=0  H consistent: True
case 481: m=5 |I|=5  degeneracies=0  H consistent: True
  m=6 I=[5] degenerate h=[1, 1, 1] lam=(1, 1): all faces individually degenerate: True
case 482: m=6 |I|=1  degeneracies=1  H consistent: True
case 483: m=5 |I|=4  degeneracies=0  H consistent: True
case 484: m=5 |I|=4  degeneracies=0  H consistent: True
case 485: m=5 |I|=4  degeneracies=0  H consistent: True
case 486: m=5 |I|=2  degeneracies=0  H consistent: True
  m=3 I=[1] degenerate h=[1/36, -1/6, 1] lam=(1, -6): all faces individually degenerate: True
case 487: m=3 |I|=1  degeneracies=1  H consistent: True
case 488: m=5 |I|=4  degeneracies=0  H consistent: True
case 489: m=6 |I|=2  degeneracies=0  H consistent: True
case 490: m=5 |I|=3  degeneracies=0  H consistent: True
  m=3 I=[0] degenerate h=[16/9, 4/3, 1] lam=(1, 3/4): all faces individually degenerate: True
case 491: m=3 |I|=1  degeneracies=1  H consistent: True
case 492: m=4 |I|=3  degeneracies=0  H consistent: True
case 493: m=4 |I|=2  degeneracies=0  H consistent: True
case 494: m=4 |I|=2  degeneracies=0  H consistent: True
case 495: m=4 |I|=2  degeneracies=0  H consistent: True
case 496: m=6 |I|=6  degeneracies=0  H consistent: True
case 497: m=6 |I|=6  degeneracies=0  H consistent: True
case 498: m=5 |I|=2  degeneracies=0  H consistent: True
case 499: m=5 |I|=2  degeneracies=0  H consistent: True
case 500: m=5 |I|=2  degeneracies=0  H consistent: True
case 501: m=5 |I|=3  degeneracies=0  H consistent: True
case 502: m=5 |I|=2  degeneracies=0  H consistent: True
case 503: m=6 |I|=6  degeneracies=0  H consistent: True
case 504: m=4 |I|=3  degeneracies=0  H consistent: True
case 505: m=6 |I|=6  degeneracies=0  H consistent: True
  m=4 I=[2] degenerate h=[1, 0, 0] lam=(1, 0): all faces individually degenerate: True
case 506: m=4 |I|=1  degeneracies=1  H consistent: True
  m=6 I=[2, 5] degenerate h=[9, -3, 1] lam=(1, -1/3): all faces individually degenerate: True
case 507: m=6 |I|=2  degeneracies=1  H consistent: True
  m=5 I=[3] degenerate h=[0, 0, 1] lam=(0, 1): all faces individually degenerate: True
case 508: m=5 |I|=1  degeneracies=1  H consistent: True
case 509: m=6 |I|=4  degeneracies=0  H consistent: True
case 510: m=5 |I|=4  degeneracies=0  H consistent: True
case 511: m=3 |I|=3  degeneracies=0  H consistent: True
case 512: m=5 |I|=3  degeneracies=0  H consistent: True
case 513: m=6 |I|=5  degeneracies=0  H consistent: True
case 514: m=6 |I|=3  degeneracies=0  H consistent: True
case 515: m=3 |I|=3  degeneracies=0  H consistent: True
case 516: m=5 |I|=4  degeneracies=0  H consistent: True
case 517: m=5 |I|=5  degeneracies=0  H consistent: True
case 518: m=6 |I|=2  degeneracies=0  H consistent: True
case 519: m=4 |I|=2  degeneracies=0  H consistent: True
  m=4 I=[3] degenerate h=[1/4, 1/2, 1] lam=(1, 2): all faces individually degenerate: True
case 520: m=4 |I|=1  degeneracies=1  H consistent: True
case 521: m=4 |I|=4  degeneracies=0  H consistent: True
  m=3 I=[2] degenerate h=[25/16, -5/4, 1] lam=(1, -4/5): all faces individually degenerate: True
case 522: m=3 |I|=1  degeneracies=1  H consistent: True
  m=5 I=[3] degenerate h=[9/16, -3/4, 1] lam=(1, -4/3): all faces individually degenerate: True
case 523: m=5 |I|=1  degeneracies=1  H consistent: True
case 524: m=5 |I|=2  degeneracies=0  H consistent: True
case 525: m=6 |I|=3  degeneracies=0  H consistent: True
case 526: m=6 |I|=3  degeneracies=0  H consistent: True
  m=6 I=[1] degenerate h=[0, 0, 1] lam=(0, 1): all faces individually degenerate: True
case 527: m=6 |I|=1  degeneracies=1  H consistent: True
case 528: m=6 |I|=6  degeneracies=0  H consistent: True
case 529: m=4 |I|=2  degeneracies=0  H consistent: True
case 530: m=5 |I|=5  degeneracies=0  H consistent: True
case 531: m=4 |I|=2  degeneracies=0  H consistent: True
case 532: m=5 |I|=5  degeneracies=0  H consistent: True
case 533: m=5 |I|=2  degeneracies=0  H consistent: True
case 534: m=6 |I|=6  degeneracies=0  H consistent: True
  m=6 I=[2] degenerate h=[1, 0, 0] lam=(1, 0): all faces individually degenerate: True
case 535: m=6 |I|=1  degeneracies=1  H consistent: True
case 536: m=5 |I|=4  degeneracies=0  H consistent: True
case 537: m=5 |I|=5  degeneracies=0  H consistent: True
case 538: m=5 |I|=2  degeneracies=0  H consistent: True
case 539: m=5 |I|=2  degeneracies=0  H consistent: True
  m=6 I=[2] degenerate h=[1, 0, 0] lam=(1, 0): all faces individually degenerate: True
case 540: m=6 |I|=1  degeneracies=1  H consistent: True
case 541: m=3 |I|=3  degeneracies=0  H consistent: True
case 542: m=4 |I|=2  degeneracies=0  H consistent: True
case 543: m=4 |I|=2  degeneracies=0  H consistent: True
  m=4 I=[1] degenerate h=[4/9, -2/3, 1] lam=(1, -3/2): all faces individually degenerate: True
case 544: m=4 |I|=1  degeneracies=1  H consistent: True
case 545: m=5 |I|=2  degeneracies=0  H consistent: True
case 546: m=4 |I|=2  degeneracies=0  H consistent: True
  m=5 I=[3] degenerate h=[0, 0, 1] lam=(0, 1): all faces individually degenerate: True
case 547: m=5 |I|=1  degeneracies=1  H consistent: True
case 548: m=6 |I|=4  degeneracies=0  H consistent: True
  m=5 I=[2] degenerate h=[9/16, 3/4, 1] lam=(1, 4/3): all faces individually degenerate: True
case 549: m=5 |I|=1  degeneracies=1  H consistent: True
case 550: m=5 |I|=2  degeneracies=0  H consistent: True
  m=6 I=[2] degenerate h=[1, 0, 0] lam=(1, 0): all faces individually degenerate: True
case 551: m=6 |I|=1  degeneracies=1  H consistent: True
case 552: m=5 |I|=3  degeneracies=0  H consistent: True
case 553: m=6 |I|=6  degeneracies=0  H consistent: True
case 554: m=4 |I|=2  degeneracies=0  H consistent: True
case 555: m=5 |I|=4  degeneracies=0  H consistent: True
case 556: m=6 |I|=2  degeneracies=0  H consistent: True
case 557: m=6 |I|=4  degeneracies=0  H consistent: True
case 558: m=5 |I|=2  degeneracies=0  H consistent: True
case 559: m=5 |I|=3  degeneracies=0  H consistent: True
  m=5 I=[4] degenerate h=[25, -5, 1] lam=(1, -1/5): all faces individually degenerate: True
case 560: m=5 |I|=1  degeneracies=1  H consistent: True
case 561: m=5 |I|=4  degeneracies=0  H consistent: True
case 562: m=5 |I|=4  degeneracies=0  H consistent: True
case 563: m=6 |I|=5  degeneracies=0  H consistent: True
case 564: m=5 |I|=2  degeneracies=0  H consistent: True
case 565: m=6 |I|=3  degeneracies=0  H consistent: True
  m=6 I=[5] degenerate h=[4, 2, 1] lam=(1, 1/2): all faces individually degenerate: True
case 566: m=6 |I|=1  degeneracies=1  H consistent: True
  m=5 I=[0] degenerate h=[1/36, 1/6, 1] lam=(1, 6): all faces individually degenerate: True
case 567: m=5 |I|=1  degeneracies=1  H consistent: True
case 568: m=5 |I|=5  degeneracies=0  H consistent: True
case 569: m=5 |I|=4  degeneracies=0  H consistent: True
case 570: m=5 |I|=3  degeneracies=0  H consistent: True
case 571: m=6 |I|=6  degeneracies=0  H consistent: True
case 572: m=4 |I|=4  degeneracies=0  H consistent: True
case 573: m=6 |I|=6  degeneracies=0  H consistent: True
case 574: m=6 |I|=5  degeneracies=0  H consistent: True
case 575: m=4 |I|=3  degeneracies=0  H consistent: True
  m=5 I=[2] degenerate h=[1/4, 1/2, 1] lam=(1, 2): all faces individually degenerate: True
case 576: m=5 |I|=1  degeneracies=1  H consistent: True
  m=4 I=[1] degenerate h=[1/16, 1/4, 1] lam=(1, 4): all faces individually degenerate: True
case 577: m=4 |I|=1  degeneracies=1  H consistent: True
case 578: m=5 |I|=5  degeneracies=0  H consistent: True
  m=5 I=[3] degenerate h=[25/4, 5/2, 1] lam=(1, 2/5): all faces individually degenerate: True
case 579: m=5 |I|=1  degeneracies=1  H consistent: True
case 580: m=5 |I|=2  degeneracies=0  H consistent: True
case 581: m=6 |I|=4  degeneracies=0  H consistent: True
case 582: m=3 |I|=3  degeneracies=0  H consistent: True
case 583: m=5 |I|=5  degeneracies=0  H consistent: True
  m=4 I=[0] degenerate h=[1/36, -1/6, 1] lam=(1, -6): all faces individually degenerate: True
case 584: m=4 |I|=1  degeneracies=1  H consistent: True
case 585: m=4 |I|=2  degeneracies=0  H consistent: True
case 586: m=6 |I|=4  degeneracies=0  H consistent: True
case 587: m=6 |I|=6  degeneracies=0  H consistent: True
case 588: m=5 |I|=2  degeneracies=0  H consistent: True
case 589: m=6 |I|=5  degeneracies=0  H consistent: True
case 590: m=5 |I|=2  degeneracies=0  H consistent: True
case 591: m=6 |I|=5  degeneracies=0  H consistent: True
case 592: m=5 |I|=3  degeneracies=0  H consistent: True
case 593: m=4 |I|=4  degeneracies=0  H consistent: True
  m=5 I=[3] degenerate h=[1, 1, 1] lam=(1, 1): all faces individually degenerate: True
case 594: m=5 |I|=1  degeneracies=1  H consistent: True
case 595: m=4 |I|=3  degeneracies=0  H consistent: True
  m=4 I=[0] degenerate h=[1/4, 1/2, 1] lam=(1, 2): all faces individually degenerate: True
case 596: m=4 |I|=1  degeneracies=1  H consistent: True
case 597: m=6 |I|=2  degeneracies=0  H consistent: True
case 598: m=4 |I|=2  degeneracies=0  H consistent: True
case 599: m=5 |I|=2  degeneracies=0  H consistent: True
case 600: m=6 |I|=4  degeneracies=0  H consistent: True
  m=5 I=[2] degenerate h=[16/9, 4/3, 1] lam=(1, 3/4): all faces individually degenerate: True
case 601: m=5 |I|=1  degeneracies=1  H consistent: True
case 602: m=6 |I|=6  degeneracies=0  H consistent: True
  m=4 I=[2] degenerate h=[0, 0, 1] lam=(0, 1): all faces individually degenerate: True
case 603: m=4 |I|=1  degeneracies=1  H consistent: True
case 604: m=5 |I|=2  degeneracies=0  H consistent: True
case 605: m=4 |I|=2  degeneracies=0  H consistent: True
case 606: m=5 |I|=2  degeneracies=0  H consistent: True
case 607: m=6 |I|=5  degeneracies=0  H consistent: True
case 608: m=4 |I|=2  degeneracies=0  H consistent: True
case 609: m=4 |I|=4  degeneracies=0  H consistent: True
case 610: m=6 |I|=3  degeneracies=0  H consistent: True
case 611: m=5 |I|=3  degeneracies=0  H consistent: True
  m=6 I=[4] degenerate h=[4, 2, 1] lam=(1, 1/2): all faces individually degenerate: True
case 612: m=6 |I|=1  degeneracies=1  H consistent: True
  m=4 I=[1, 2] degenerate h=[1, 1, 1] lam=(1, 1): all faces individually degenerate: True
case 613: m=4 |I|=2  degeneracies=1  H consistent: True
case 614: m=4 |I|=3  degeneracies=0  H consistent: True
case 615: m=6 |I|=3  degeneracies=0  H consistent: True
case 616: m=5 |I|=4  degeneracies=0  H consistent: True
case 617: m=4 |I|=2  degeneracies=0  H consistent: True
case 618: m=3 |I|=2  degeneracies=0  H consistent: True
case 619: m=3 |I|=3  degeneracies=0  H consistent: True
case 620: m=6 |I|=5  degeneracies=0  H consistent: True
case 621: m=4 |I|=4  degeneracies=0  H consistent: True
  m=4 I=[0] degenerate h=[1, 0, 0] lam=(1, 0): all faces individually degenerate: True
case 622: m=4 |I|=1  degeneracies=1  H consistent: True
case 623: m=6 |I|=4  degeneracies=0  H consistent: True
  m=6 I=[4] degenerate h=[4/25, -2/5, 1] lam=(1, -5/2): all faces individually degenerate: True
case 624: m=6 |I|=1  degeneracies=1  H consistent: True
  m=5 I=[2] degenerate h=[25/9, 5/3, 1] lam=(1, 3/5): all faces individually degenerate: True
case 625: m=5 |I|=1  degeneracies=1  H consistent: True
  m=5 I=[2] degenerate h=[25, 5, 1] lam=(1, 1/5): all faces individually degenerate: True
case 626: m=5 |I|=1  degeneracies=1  H consistent: True
case 627: m=5 |I|=5  degeneracies=0  H consistent: True
case 628: m=4 |I|=3  degeneracies=0  H consistent: True
case 629: m=6 |I|=2  degeneracies=0  H consistent: True
case 630: m=6 |I|=5  degeneracies=0  H consistent: True
  m=3 I=[1] degenerate h=[1, 0, 0] lam=(1, 0): all faces individually degenerate: True
case 631: m=3 |I|=1  degeneracies=1  H consistent: True
case 632: m=6 |I|=4  degeneracies=0  H consistent: True
  m=6 I=[2] degenerate h=[16, -4, 1] lam=(1, -1/4): all faces individually degenerate: True
case 633: m=6 |I|=1  degeneracies=1  H consistent: True
  m=5 I=[3] degenerate h=[1, -1, 1] lam=(1, -1): all faces individually degenerate: True
case 634: m=5 |I|=1  degeneracies=1  H consistent: True
case 635: m=5 |I|=3  degeneracies=0  H consistent: True
  m=5 I=[3] degenerate h=[0, 0, 1] lam=(0, 1): all faces individually degenerate: True
case 636: m=5 |I|=1  degeneracies=1  H consistent: True
case 637: m=6 |I|=4  degeneracies=0  H consistent: True
case 638: m=6 |I|=4  degeneracies=0  H consistent: True
case 639: m=4 |I|=2  degeneracies=0  H consistent: True
case 640: m=4 |I|=2  degeneracies=0  H consistent: True
case 641: m=6 |I|=5  degeneracies=0  H consistent: True
case 642: m=6 |I|=4  degeneracies=0  H consistent: True
case 643: m=5 |I|=5  degeneracies=0  H consistent: True
  m=5 I=[4] degenerate h=[4, 2, 1] lam=(1, 1/2): all faces individually degenerate: True
case 644: m=5 |I|=1  degeneracies=1  H consistent: True
  m=5 I=[3] degenerate h=[0, 0, 1] lam=(0, 1): all faces individually degenerate: True
case 645: m=5 |I|=1  degeneracies=1  H consistent: True
case 646: m=4 |I|=3  degeneracies=0  H consistent: True
case 647: m=3 |I|=2  degeneracies=0  H consistent: True
case 648: m=4 |I|=2  degeneracies=0  H consistent: True
case 649: m=4 |I|=2  degeneracies=0  H consistent: True
case 650: m=4 |I|=2  degeneracies=0  H consistent: True
case 651: m=4 |I|=2  degeneracies=0  H consistent: True
case 652: m=5 |I|=2  degeneracies=0  H consistent: True
case 653: m=5 |I|=2  degeneracies=0  H consistent: True
case 654: m=6 |I|=6  degeneracies=0  H consistent: True
case 655: m=6 |I|=6  degeneracies=0  H consistent: True
case 656: m=5 |I|=3  degeneracies=0  H consistent: True
case 657: m=6 |I|=3  degeneracies=0  H consistent: True
case 658: m=6 |I|=5  degeneracies=0  H consistent: True
case 659: m=5 |I|=5  degeneracies=0  H consistent: True
  m=4 I=[3] degenerate h=[25/16, 5/4, 1] lam=(1, 4/5): all faces individually degenerate: True
case 660: m=4 |I|=1  degeneracies=1  H consistent: True
case 661: m=4 |I|=4  degeneracies=0  H consistent: True
  m=5 I=[0] degenerate h=[1/4, -1/2, 1] lam=(1, -2): all faces individually degenerate: True
case 662: m=5 |I|=1  degeneracies=1  H consistent: True
case 663: m=5 |I|=5  degeneracies=0  H consistent: True
  m=4 I=[3] degenerate h=[25/4, -5/2, 1] lam=(1, -2/5): all faces individually degenerate: True
case 664: m=4 |I|=1  degeneracies=1  H consistent: True
case 665: m=5 |I|=4  degeneracies=0  H consistent: True
case 666: m=5 |I|=2  degeneracies=0  H consistent: True
  m=6 I=[0] degenerate h=[1/16, 1/4, 1] lam=(1, 4): all faces individually degenerate: True
case 667: m=6 |I|=1  degeneracies=1  H consistent: True
  m=6 I=[3] degenerate h=[4/25, 2/5, 1] lam=(1, 5/2): all faces individually degenerate: True
case 668: m=6 |I|=1  degeneracies=1  H consistent: True
  m=3 I=[1] degenerate h=[16/9, 4/3, 1] lam=(1, 3/4): all faces individually degenerate: True
case 669: m=3 |I|=1  degeneracies=1  H consistent: True
case 670: m=5 |I|=4  degeneracies=0  H consistent: True
  m=6 I=[0] degenerate h=[1/9, 1/3, 1] lam=(1, 3): all faces individually degenerate: True
case 671: m=6 |I|=1  degeneracies=1  H consistent: True
case 672: m=5 |I|=4  degeneracies=0  H consistent: True
  m=5 I=[4] degenerate h=[25/9, -5/3, 1] lam=(1, -3/5): all faces individually degenerate: True
case 673: m=5 |I|=1  degeneracies=1  H consistent: True
  m=5 I=[2] degenerate h=[0, 0, 1] lam=(0, 1): all faces individually degenerate: True
case 674: m=5 |I|=1  degeneracies=1  H consistent: True
case 675: m=5 |I|=3  degeneracies=0  H consistent: True
case 676: m=5 |I|=2  degeneracies=0  H consistent: True
case 677: m=5 |I|=3  degeneracies=0  H consistent: True
case 678: m=4 |I|=3  degeneracies=0  H consistent: True
  m=6 I=[3] degenerate h=[0, 0, 1] lam=(0, 1): all faces individually degenerate: True
case 679: m=6 |I|=1  degeneracies=1  H consistent: True
case 680: m=6 |I|=5  degeneracies=0  H consistent: True
case 681: m=6 |I|=4  degeneracies=0  H consistent: True
case 682: m=5 |I|=5  degeneracies=0  H consistent: True
case 683: m=6 |I|=4  degeneracies=0  H consistent: True
case 684: m=4 |I|=3  degeneracies=0  H consistent: True
  m=6 I=[4] degenerate h=[1/4, -1/2, 1] lam=(1, -2): all faces individually degenerate: True
case 685: m=6 |I|=1  degeneracies=1  H consistent: True
case 686: m=5 |I|=4  degeneracies=0  H consistent: True
case 687: m=6 |I|=3  degeneracies=0  H consistent: True
case 688: m=5 |I|=2  degeneracies=0  H consistent: True
  m=5 I=[2] degenerate h=[1, 0, 0] lam=(1, 0): all faces individually degenerate: True
case 689: m=5 |I|=1  degeneracies=1  H consistent: True
case 690: m=5 |I|=4  degeneracies=0  H consistent: True
case 691: m=5 |I|=5  degeneracies=0  H consistent: True
  m=5 I=[3] degenerate h=[4/9, 2/3, 1] lam=(1, 3/2): all faces individually degenerate: True
case 692: m=5 |I|=1  degeneracies=1  H consistent: True
case 693: m=6 |I|=6  degeneracies=0  H consistent: True
  m=5 I=[3] degenerate h=[0, 0, 1] lam=(0, 1): all faces individually degenerate: True
case 694: m=5 |I|=1  degeneracies=1  H consistent: True
  m=3 I=[2] degenerate h=[25/4, 5/2, 1] lam=(1, 2/5): all faces individually degenerate: True
case 695: m=3 |I|=1  degeneracies=1  H consistent: True
case 696: m=3 |I|=2  degeneracies=0  H consistent: True
case 697: m=3 |I|=3  degeneracies=0  H consistent: True
case 698: m=6 |I|=5  degeneracies=0  H consistent: True
  m=6 I=[3] degenerate h=[4, 2, 1] lam=(1, 1/2): all faces individually degenerate: True
case 699: m=6 |I|=1  degeneracies=1  H consistent: True
  m=6 I=[2] degenerate h=[4, 2, 1] lam=(1, 1/2): all faces individually degenerate: True
case 700: m=6 |I|=1  degeneracies=1  H consistent: True
case 701: m=4 |I|=3  degeneracies=0  H consistent: True
case 702: m=5 |I|=5  degeneracies=0  H consistent: True
  m=3 I=[0] degenerate h=[9/4, -3/2, 1] lam=(1, -2/3): all faces individually degenerate: True
case 703: m=3 |I|=1  degeneracies=1  H consistent: True
case 704: m=3 |I|=3  degeneracies=0  H consistent: True
case 705: m=5 |I|=2  degeneracies=0  H consistent: True
case 706: m=6 |I|=4  degeneracies=0  H consistent: True
case 707: m=5 |I|=4  degeneracies=0  H consistent: True
case 708: m=3 |I|=3  degeneracies=0  H consistent: True
case 709: m=6 |I|=5  degeneracies=0  H consistent: True
  m=6 I=[3, 5] degenerate h=[1, -1, 1] lam=(1, -1): all faces individually degenerate: True
case 710: m=6 |I|=2  degeneracies=1  H consistent: True
case 711: m=5 |I|=4  degeneracies=0  H consistent: True
  m=6 I=[1] degenerate h=[1/4, 1/2, 1] lam=(1, 2): all faces individually degenerate: True
case 712: m=6 |I|=1  degeneracies=1  H consistent: True
case 713: m=6 |I|=4  degeneracies=0  H consistent: True
case 714: m=6 |I|=4  degeneracies=0  H consistent: True
  m=5 I=[2] degenerate h=[9/16, 3/4, 1] lam=(1, 4/3): all faces individually degenerate: True
case 715: m=5 |I|=1  degeneracies=1  H consistent: True
  m=5 I=[0] degenerate h=[0, 0, 1] lam=(0, 1): all faces individually degenerate: True
case 716: m=5 |I|=1  degeneracies=1  H consistent: True
  m=6 I=[4] degenerate h=[9, 3, 1] lam=(1, 1/3): all faces individually degenerate: True
case 717: m=6 |I|=1  degeneracies=1  H consistent: True
case 718: m=4 |I|=4  degeneracies=0  H consistent: True
case 719: m=5 |I|=2  degeneracies=0  H consistent: True
  m=5 I=[0] degenerate h=[0, 0, 1] lam=(0, 1): all faces individually degenerate: True
case 720: m=5 |I|=1  degeneracies=1  H consistent: True
case 721: m=6 |I|=5  degeneracies=0  H consistent: True
  m=4 I=[1] degenerate h=[1, 0, 0] lam=(1, 0): all faces individually degenerate: True
case 722: m=4 |I|=1  degeneracies=1  H consistent: True
case 723: m=4 |I|=4  degeneracies=0  H consistent: True
case 724: m=5 |I|=4  degeneracies=0  H consistent: True
case 725: m=5 |I|=3  degeneracies=0  H consistent: True
case 726: m=4 |I|=4  degeneracies=0  H consistent: True
case 727: m=4 |I|=3  degeneracies=0  H consistent: True
case 728: m=4 |I|=3  degeneracies=0  H consistent: True
case 729: m=6 |I|=2  degeneracies=0  H consistent: True
case 730: m=4 |I|=4  degeneracies=0  H consistent: True
case 731: m=5 |I|=2  degeneracies=0  H consistent: True
  m=6 I=[2, 5] degenerate h=[1, 0, 0] lam=(1, 0): all faces individually degenerate: True
case 732: m=6 |I|=2  degeneracies=1  H consistent: True
case 733: m=4 |I|=3  degeneracies=0  H consistent: True
case 734: m=5 |I|=5  degeneracies=0  H consistent: True
case 735: m=6 |I|=2  degeneracies=0  H consistent: True
case 736: m=4 |I|=2  degeneracies=0  H consistent: True
case 737: m=6 |I|=5  degeneracies=0  H consistent: True
case 738: m=4 |I|=2  degeneracies=0  H consistent: True
case 739: m=6 |I|=2  degeneracies=0  H consistent: True
case 740: m=6 |I|=6  degeneracies=0  H consistent: True
case 741: m=6 |I|=5  degeneracies=0  H consistent: True
case 742: m=6 |I|=3  degeneracies=0  H consistent: True
case 743: m=6 |I|=4  degeneracies=0  H consistent: True
  m=5 I=[4] degenerate h=[9/16, 3/4, 1] lam=(1, 4/3): all faces individually degenerate: True
case 744: m=5 |I|=1  degeneracies=1  H consistent: True
case 745: m=6 |I|=2  degeneracies=0  H consistent: True
case 746: m=6 |I|=4  degeneracies=0  H consistent: True
case 747: m=6 |I|=4  degeneracies=0  H consistent: True
case 748: m=6 |I|=3  degeneracies=0  H consistent: True
case 749: m=6 |I|=6  degeneracies=0  H consistent: True
case 750: m=4 |I|=3  degeneracies=0  H consistent: True
  m=4 I=[3] degenerate h=[36, 6, 1] lam=(1, 1/6): all faces individually degenerate: True
case 751: m=4 |I|=1  degeneracies=1  H consistent: True
case 752: m=5 |I|=4  degeneracies=0  H consistent: True
  m=6 I=[2] degenerate h=[4, -2, 1] lam=(1, -1/2): all faces individually degenerate: True
case 753: m=6 |I|=1  degeneracies=1  H consistent: True
case 754: m=4 |I|=2  degeneracies=0  H consistent: True
case 755: m=6 |I|=2  degeneracies=0  H consistent: True
case 756: m=6 |I|=3  degeneracies=0  H consistent: True
case 757: m=6 |I|=2  degeneracies=0  H consistent: True
case 758: m=5 |I|=3  degeneracies=0  H consistent: True
case 759: m=4 |I|=3  degeneracies=0  H consistent: True
case 760: m=4 |I|=3  degeneracies=0  H consistent: True
case 761: m=4 |I|=3  degeneracies=0  H consistent: True
case 762: m=5 |I|=4  degeneracies=0  H consistent: True
  m=5 I=[2] degenerate h=[1, 0, 0] lam=(1, 0): all faces individually degenerate: True
case 763: m=5 |I|=1  degeneracies=1  H consistent: True
case 764: m=6 |I|=5  degeneracies=0  H consistent: True
case 765: m=5 |I|=3  degeneracies=0  H consistent: True
case 766: m=3 |I|=3  degeneracies=0  H consistent: True
case 767: m=5 |I|=2  degeneracies=0  H consistent: True
case 768: m=6 |I|=3  degeneracies=0  H consistent: True
case 769: m=5 |I|=4  degeneracies=0  H consistent: True
case 770: m=5 |I|=3  degeneracies=0  H consistent: True
case 771: m=5 |I|=3  degeneracies=0  H consistent: True
case 772: m=6 |I|=4  degeneracies=0  H consistent: True
case 773: m=6 |I|=6  degeneracies=0  H consistent: True
case 774: m=6 |I|=5  degeneracies=0  H consistent: True
case 775: m=6 |I|=2  degeneracies=0  H consistent: True
  m=6 I=[0] degenerate h=[1, 0, 0] lam=(1, 0): all faces individually degenerate: True
case 776: m=6 |I|=1  degeneracies=1  H consistent: True
case 777: m=6 |I|=5  degeneracies=0  H consistent: True
case 778: m=6 |I|=3  degeneracies=0  H consistent: True
  m=4 I=[0] degenerate h=[1/9, 1/3, 1] lam=(1, 3): all faces individually degenerate: True
case 779: m=4 |I|=1  degeneracies=1  H consistent: True
case 780: m=6 |I|=6  degeneracies=0  H consistent: True
case 781: m=5 |I|=5  degeneracies=0  H consistent: True
  m=3 I=[2] degenerate h=[16/9, 4/3, 1] lam=(1, 3/4): all faces individually degenerate: True
case 782: m=3 |I|=1  degeneracies=1  H consistent: True
  m=5 I=[3] degenerate h=[1/4, 1/2, 1] lam=(1, 2): all faces individually degenerate: True
case 783: m=5 |I|=1  degeneracies=1  H consistent: True
case 784: m=5 |I|=3  degeneracies=0  H consistent: True
case 785: m=4 |I|=3  degeneracies=0  H consistent: True
case 786: m=5 |I|=4  degeneracies=0  H consistent: True
case 787: m=3 |I|=2  degeneracies=0  H consistent: True
  m=6 I=[0] degenerate h=[1/4, 1/2, 1] lam=(1, 2): all faces individually degenerate: True
case 788: m=6 |I|=1  degeneracies=1  H consistent: True
case 789: m=4 |I|=3  degeneracies=0  H consistent: True
case 790: m=4 |I|=3  degeneracies=0  H consistent: True
  m=4 I=[3] degenerate h=[16/9, -4/3, 1] lam=(1, -3/4): all faces individually degenerate: True
case 791: m=4 |I|=1  degeneracies=1  H consistent: True
case 792: m=6 |I|=3  degeneracies=0  H consistent: True
case 793: m=6 |I|=3  degeneracies=0  H consistent: True
case 794: m=6 |I|=3  degeneracies=0  H consistent: True
case 795: m=4 |I|=2  degeneracies=0  H consistent: True
case 796: m=5 |I|=2  degeneracies=0  H consistent: True
case 797: m=3 |I|=3  degeneracies=0  H consistent: True
  m=6 I=[0, 5] degenerate h=[1, 1, 1] lam=(1, 1): all faces individually degenerate: True
case 798: m=6 |I|=2  degeneracies=1  H consistent: True
case 799: m=6 |I|=2  degeneracies=0  H consistent: True
case 800: m=5 |I|=5  degeneracies=0  H consistent: True
case 801: m=3 |I|=2  degeneracies=0  H consistent: True
case 802: m=6 |I|=2  degeneracies=0  H consistent: True
case 803: m=3 |I|=2  degeneracies=0  H consistent: True
case 804: m=5 |I|=5  degeneracies=0  H consistent: True
case 805: m=6 |I|=2  degeneracies=0  H consistent: True
  m=5 I=[2] degenerate h=[1, 1, 1] lam=(1, 1): all faces individually degenerate: True
case 806: m=5 |I|=1  degeneracies=1  H consistent: True
case 807: m=6 |I|=4  degeneracies=0  H consistent: True
  m=4 I=[2] degenerate h=[4/25, 2/5, 1] lam=(1, 5/2): all faces individually degenerate: True
case 808: m=4 |I|=1  degeneracies=1  H consistent: True
case 809: m=6 |I|=4  degeneracies=0  H consistent: True
case 810: m=4 |I|=4  degeneracies=0  H consistent: True
case 811: m=5 |I|=5  degeneracies=0  H consistent: True
  m=6 I=[0] degenerate h=[1, 1, 1] lam=(1, 1): all faces individually degenerate: True
case 812: m=6 |I|=1  degeneracies=1  H consistent: True
case 813: m=6 |I|=5  degeneracies=0  H consistent: True
case 814: m=4 |I|=4  degeneracies=0  H consistent: True
case 815: m=4 |I|=3  degeneracies=0  H consistent: True
  m=4 I=[1] degenerate h=[1/4, -1/2, 1] lam=(1, -2): all faces individually degenerate: True
case 816: m=4 |I|=1  degeneracies=1  H consistent: True
case 817: m=4 |I|=3  degeneracies=0  H consistent: True
case 818: m=6 |I|=5  degeneracies=0  H consistent: True
case 819: m=6 |I|=5  degeneracies=0  H consistent: True
  m=5 I=[3] degenerate h=[1/4, 1/2, 1] lam=(1, 2): all faces individually degenerate: True
case 820: m=5 |I|=1  degeneracies=1  H consistent: True
case 821: m=6 |I|=5  degeneracies=0  H consistent: True
case 822: m=6 |I|=5  degeneracies=0  H consistent: True
  m=5 I=[1] degenerate h=[0, 0, 1] lam=(0, 1): all faces individually degenerate: True
case 823: m=5 |I|=1  degeneracies=1  H consistent: True
case 824: m=6 |I|=3  degeneracies=0  H consistent: True
case 825: m=3 |I|=3  degeneracies=0  H consistent: True
  m=3 I=[1] degenerate h=[16, -4, 1] lam=(1, -1/4): all faces individually degenerate: True
case 826: m=3 |I|=1  degeneracies=1  H consistent: True
case 827: m=5 |I|=3  degeneracies=0  H consistent: True
case 828: m=6 |I|=4  degeneracies=0  H consistent: True
case 829: m=5 |I|=4  degeneracies=0  H consistent: True
case 830: m=6 |I|=5  degeneracies=0  H consistent: True
case 831: m=3 |I|=2  degeneracies=0  H consistent: True
  m=4 I=[2] degenerate h=[0, 0, 1] lam=(0, 1): all faces individually degenerate: True
case 832: m=4 |I|=1  degeneracies=1  H consistent: True
case 833: m=6 |I|=3  degeneracies=0  H consistent: True
case 834: m=4 |I|=3  degeneracies=0  H consistent: True
  m=4 I=[1] degenerate h=[1, 0, 0] lam=(1, 0): all faces individually degenerate: True
case 835: m=4 |I|=1  degeneracies=1  H consistent: True
  m=4 I=[2] degenerate h=[9/16, -3/4, 1] lam=(1, -4/3): all faces individually degenerate: True
case 836: m=4 |I|=1  degeneracies=1  H consistent: True
case 837: m=6 |I|=2  degeneracies=0  H consistent: True
case 838: m=4 |I|=3  degeneracies=0  H consistent: True
case 839: m=5 |I|=4  degeneracies=0  H consistent: True
case 840: m=4 |I|=4  degeneracies=0  H consistent: True
case 841: m=5 |I|=4  degeneracies=0  H consistent: True
  m=5 I=[0] degenerate h=[0, 0, 1] lam=(0, 1): all faces individually degenerate: True
case 842: m=5 |I|=1  degeneracies=1  H consistent: True
case 843: m=6 |I|=2  degeneracies=0  H consistent: True
case 844: m=6 |I|=2  degeneracies=0  H consistent: True
case 845: m=5 |I|=3  degeneracies=0  H consistent: True
case 846: m=6 |I|=4  degeneracies=0  H consistent: True
case 847: m=6 |I|=2  degeneracies=0  H consistent: True
case 848: m=4 |I|=4  degeneracies=0  H consistent: True
  m=5 I=[2] degenerate h=[1/4, -1/2, 1] lam=(1, -2): all faces individually degenerate: True
case 849: m=5 |I|=1  degeneracies=1  H consistent: True
case 850: m=4 |I|=3  degeneracies=0  H consistent: True
case 851: m=3 |I|=2  degeneracies=0  H consistent: True
case 852: m=4 |I|=2  degeneracies=0  H consistent: True
case 853: m=5 |I|=5  degeneracies=0  H consistent: True
case 854: m=6 |I|=4  degeneracies=0  H consistent: True
  m=4 I=[2] degenerate h=[1, 0, 0] lam=(1, 0): all faces individually degenerate: True
case 855: m=4 |I|=1  degeneracies=1  H consistent: True
  m=5 I=[4] degenerate h=[1, 0, 0] lam=(1, 0): all faces individually degenerate: True
case 856: m=5 |I|=1  degeneracies=1  H consistent: True
  m=4 I=[2] degenerate h=[1/16, 1/4, 1] lam=(1, 4): all faces individually degenerate: True
case 857: m=4 |I|=1  degeneracies=1  H consistent: True
case 858: m=5 |I|=5  degeneracies=0  H consistent: True
case 859: m=5 |I|=3  degeneracies=0  H consistent: True
case 860: m=4 |I|=3  degeneracies=0  H consistent: True
case 861: m=5 |I|=3  degeneracies=0  H consistent: True
case 862: m=5 |I|=3  degeneracies=0  H consistent: True
case 863: m=6 |I|=5  degeneracies=0  H consistent: True
case 864: m=6 |I|=2  degeneracies=0  H consistent: True
case 865: m=5 |I|=5  degeneracies=0  H consistent: True
case 866: m=6 |I|=6  degeneracies=0  H consistent: True
case 867: m=6 |I|=5  degeneracies=0  H consistent: True
case 868: m=6 |I|=4  degeneracies=0  H consistent: True
  m=6 I=[0] degenerate h=[1/16, 1/4, 1] lam=(1, 4): all faces individually degenerate: True
case 869: m=6 |I|=1  degeneracies=1  H consistent: True
case 870: m=6 |I|=2  degeneracies=0  H consistent: True
case 871: m=6 |I|=4  degeneracies=0  H consistent: True
case 872: m=6 |I|=6  degeneracies=0  H consistent: True
  m=4 I=[0] degenerate h=[9/25, 3/5, 1] lam=(1, 5/3): all faces individually degenerate: True
case 873: m=4 |I|=1  degeneracies=1  H consistent: True
  m=3 I=[0] degenerate h=[25/16, -5/4, 1] lam=(1, -4/5): all faces individually degenerate: True
case 874: m=3 |I|=1  degeneracies=1  H consistent: True
case 875: m=5 |I|=3  degeneracies=0  H consistent: True
case 876: m=4 |I|=4  degeneracies=0  H consistent: True
case 877: m=4 |I|=2  degeneracies=0  H consistent: True
case 878: m=5 |I|=2  degeneracies=0  H consistent: True
case 879: m=4 |I|=2  degeneracies=0  H consistent: True
  m=3 I=[1] degenerate h=[25/16, 5/4, 1] lam=(1, 4/5): all faces individually degenerate: True
case 880: m=3 |I|=1  degeneracies=1  H consistent: True
case 881: m=5 |I|=5  degeneracies=0  H consistent: True
case 882: m=4 |I|=4  degeneracies=0  H consistent: True
case 883: m=5 |I|=5  degeneracies=0  H consistent: True
case 884: m=5 |I|=3  degeneracies=0  H consistent: True
case 885: m=6 |I|=2  degeneracies=0  H consistent: True
  m=4 I=[0] degenerate h=[16/9, -4/3, 1] lam=(1, -3/4): all faces individually degenerate: True
case 886: m=4 |I|=1  degeneracies=1  H consistent: True
case 887: m=5 |I|=3  degeneracies=0  H consistent: True
case 888: m=6 |I|=2  degeneracies=0  H consistent: True
case 889: m=4 |I|=4  degeneracies=0  H consistent: True
case 890: m=6 |I|=5  degeneracies=0  H consistent: True
  m=6 I=[3] degenerate h=[1, -1, 1] lam=(1, -1): all faces individually degenerate: True
case 891: m=6 |I|=1  degeneracies=1  H consistent: True
case 892: m=3 |I|=3  degeneracies=0  H consistent: True
case 893: m=5 |I|=2  degeneracies=0  H consistent: True
  m=4 I=[2] degenerate h=[1, 0, 0] lam=(1, 0): all faces individually degenerate: True
case 894: m=4 |I|=1  degeneracies=1  H consistent: True
case 895: m=5 |I|=4  degeneracies=0  H consistent: True
case 896: m=6 |I|=2  degeneracies=0  H consistent: True
case 897: m=6 |I|=4  degeneracies=0  H consistent: True
case 898: m=6 |I|=3  degeneracies=0  H consistent: True
case 899: m=5 |I|=2  degeneracies=0  H consistent: True
case 900: m=6 |I|=2  degeneracies=0  H consistent: True
  m=3 I=[0] degenerate h=[25/4, -5/2, 1] lam=(1, -2/5): all faces individually degenerate: True
case 901: m=3 |I|=1  degeneracies=1  H consistent: True
  m=6 I=[3] degenerate h=[0, 0, 1] lam=(0, 1): all faces individually degenerate: True
case 902: m=6 |I|=1  degeneracies=1  H consistent: True
case 903: m=6 |I|=5  degeneracies=0  H consistent: True
  m=4 I=[3] degenerate h=[9/4, 3/2, 1] lam=(1, 2/3): all faces individually degenerate: True
case 904: m=4 |I|=1  degeneracies=1  H consistent: True
case 905: m=4 |I|=4  degeneracies=0  H consistent: True
case 906: m=5 |I|=2  degeneracies=0  H consistent: True
case 907: m=5 |I|=5  degeneracies=0  H consistent: True
case 908: m=6 |I|=4  degeneracies=0  H consistent: True
  m=3 I=[0] degenerate h=[1/16, -1/4, 1] lam=(1, -4): all faces individually degenerate: True
case 909: m=3 |I|=1  degeneracies=1  H consistent: True
  m=3 I=[0] degenerate h=[1/16, -1/4, 1] lam=(1, -4): all faces individually degenerate: True
case 910: m=3 |I|=1  degeneracies=1  H consistent: True
case 911: m=6 |I|=2  degeneracies=0  H consistent: True
case 912: m=4 |I|=2  degeneracies=0  H consistent: True
case 913: m=5 |I|=4  degeneracies=0  H consistent: True
  m=6 I=[0] degenerate h=[1/4, -1/2, 1] lam=(1, -2): all faces individually degenerate: True
case 914: m=6 |I|=1  degeneracies=1  H consistent: True
case 915: m=6 |I|=2  degeneracies=0  H consistent: True
case 916: m=4 |I|=3  degeneracies=0  H consistent: True
  m=5 I=[0] degenerate h=[9/16, -3/4, 1] lam=(1, -4/3): all faces individually degenerate: True
case 917: m=5 |I|=1  degeneracies=1  H consistent: True
  m=6 I=[4] degenerate h=[4, -2, 1] lam=(1, -1/2): all faces individually degenerate: True
case 918: m=6 |I|=1  degeneracies=1  H consistent: True
case 919: m=4 |I|=3  degeneracies=0  H consistent: True
case 920: m=4 |I|=4  degeneracies=0  H consistent: True
case 921: m=6 |I|=3  degeneracies=0  H consistent: True
case 922: m=6 |I|=3  degeneracies=0  H consistent: True
  m=5 I=[4] degenerate h=[25/36, -5/6, 1] lam=(1, -6/5): all faces individually degenerate: True
case 923: m=5 |I|=1  degeneracies=1  H consistent: True
case 924: m=5 |I|=2  degeneracies=0  H consistent: True
case 925: m=5 |I|=3  degeneracies=0  H consistent: True
case 926: m=6 |I|=4  degeneracies=0  H consistent: True
case 927: m=6 |I|=6  degeneracies=0  H consistent: True
case 928: m=3 |I|=2  degeneracies=0  H consistent: True
case 929: m=4 |I|=4  degeneracies=0  H consistent: True
case 930: m=5 |I|=4  degeneracies=0  H consistent: True
case 931: m=6 |I|=5  degeneracies=0  H consistent: True
case 932: m=6 |I|=3  degeneracies=0  H consistent: True
  m=6 I=[3] degenerate h=[0, 0, 1] lam=(0, 1): all faces individually degenerate: True
case 933: m=6 |I|=1  degeneracies=1  H consistent: True
case 934: m=6 |I|=6  degeneracies=0  H consistent: True
case 935: m=6 |I|=3  degeneracies=0  H consistent: True
case 936: m=5 |I|=4  degeneracies=0  H consistent: True
case 937: m=5 |I|=2  degeneracies=0  H consistent: True
case 938: m=6 |I|=6  degeneracies=0  H consistent: True
case 939: m=4 |I|=4  degeneracies=0  H consistent: True
case 940: m=6 |I|=5  degeneracies=0  H consistent: True
case 941: m=5 |I|=2  degeneracies=0  H consistent: True
case 942: m=6 |I|=3  degeneracies=0  H consistent: True
case 943: m=6 |I|=5  degeneracies=0  H consistent: True
case 944: m=3 |I|=3  degeneracies=0  H consistent: True
case 945: m=5 |I|=2  degeneracies=0  H consistent: True
case 946: m=4 |I|=2  degeneracies=0  H consistent: True
  m=6 I=[0] degenerate h=[0, 0, 1] lam=(0, 1): all faces individually degenerate: True
case 947: m=6 |I|=1  degeneracies=1  H consistent: True
case 948: m=4 |I|=3  degeneracies=0  H consistent: True
case 949: m=5 |I|=4  degeneracies=0  H consistent: True
case 950: m=6 |I|=3  degeneracies=0  H consistent: True
case 951: m=5 |I|=3  degeneracies=0  H consistent: True
case 952: m=6 |I|=2  degeneracies=0  H consistent: True
case 953: m=6 |I|=2  degeneracies=0  H consistent: True
case 954: m=5 |I|=4  degeneracies=0  H consistent: True
case 955: m=4 |I|=2  degeneracies=0  H consistent: True
case 956: m=6 |I|=2  degeneracies=0  H consistent: True
  m=5 I=[3] degenerate h=[4/9, 2/3, 1] lam=(1, 3/2): all faces individually degenerate: True
case 957: m=5 |I|=1  degeneracies=1  H consistent: True
case 958: m=6 |I|=6  degeneracies=0  H consistent: True
  m=5 I=[0] degenerate h=[1/4, 1/2, 1] lam=(1, 2): all faces individually degenerate: True
case 959: m=5 |I|=1  degeneracies=1  H consistent: True
  m=4 I=[3] degenerate h=[4, 2, 1] lam=(1, 1/2): all faces individually degenerate: True
case 960: m=4 |I|=1  degeneracies=1  H consistent: True
case 961: m=4 |I|=2  degeneracies=0  H consistent: True
case 962: m=6 |I|=6  degeneracies=0  H consistent: True
case 963: m=5 |I|=3  degeneracies=0  H consistent: True
  m=3 I=[1] degenerate h=[4/9, 2/3, 1] lam=(1, 3/2): all faces individually degenerate: True
case 964: m=3 |I|=1  degeneracies=1  H consistent: True
  m=5 I=[2] degenerate h=[25/4, -5/2, 1] lam=(1, -2/5): all faces individually degenerate: True
case 965: m=5 |I|=1  degeneracies=1  H consistent: True
case 966: m=5 |I|=5  degeneracies=0  H consistent: True
case 967: m=5 |I|=5  degeneracies=0  H consistent: True
case 968: m=6 |I|=3  degeneracies=0  H consistent: True
case 969: m=6 |I|=4  degeneracies=0  H consistent: True
  m=6 I=[1] degenerate h=[0, 0, 1] lam=(0, 1): all faces individually degenerate: True
case 970: m=6 |I|=1  degeneracies=1  H consistent: True
  m=5 I=[0, 3] degenerate h=[0, 0, 1] lam=(0, 1): all faces individually degenerate: True
case 971: m=5 |I|=2  degeneracies=1  H consistent: True
case 972: m=4 |I|=4  degeneracies=0  H consistent: True
case 973: m=4 |I|=3  degeneracies=0  H consistent: True
  m=3 I=[2] degenerate h=[1, 1, 1] lam=(1, 1): all faces individually degenerate: True
case 974: m=3 |I|=1  degeneracies=1  H consistent: True
case 975: m=5 |I|=4  degeneracies=0  H consistent: True
case 976: m=5 |I|=5  degeneracies=0  H consistent: True
case 977: m=6 |I|=5  degeneracies=0  H consistent: True
case 978: m=4 |I|=4  degeneracies=0  H consistent: True
case 979: m=5 |I|=5  degeneracies=0  H consistent: True
case 980: m=5 |I|=4  degeneracies=0  H consistent: True
case 981: m=5 |I|=3  degeneracies=0  H consistent: True
case 982: m=4 |I|=3  degeneracies=0  H consistent: True
case 983: m=4 |I|=4  degeneracies=0  H consistent: True
case 984: m=5 |I|=3  degeneracies=0  H consistent: True
case 985: m=6 |I|=5  degeneracies=0  H consistent: True
case 986: m=6 |I|=2  degeneracies=0  H consistent: True
case 987: m=5 |I|=5  degeneracies=0  H consistent: True
case 988: m=5 |I|=5  degeneracies=0  H consistent: True
  m=5 I=[2] degenerate h=[1, 1, 1] lam=(1, 1): all faces individually degenerate: True
case 989: m=5 |I|=1  degeneracies=1  H consistent: True
case 990: m=5 |I|=4  degeneracies=0  H consistent: True
case 991: m=5 |I|=4  degeneracies=0  H consistent: True
  m=4 I=[3] degenerate h=[1, 0, 0] lam=(1, 0): all faces individually degenerate: True
case 992: m=4 |I|=1  degeneracies=1  H consistent: True
case 993: m=4 |I|=4  degeneracies=0  H consistent: True
case 994: m=5 |I|=4  degeneracies=0  H consistent: True
case 995: m=4 |I|=2  degeneracies=0  H consistent: True
case 996: m=3 |I|=2  degeneracies=0  H consistent: True
case 997: m=6 |I|=5  degeneracies=0  H consistent: True
case 998: m=6 |I|=5  degeneracies=0  H consistent: True
case 999: m=6 |I|=6  degeneracies=0  H consistent: True
case 1000: m=3 |I|=2  degeneracies=0  H consistent: True
case 1001: m=5 |I|=2  degeneracies=0  H consistent: True
case 1002: m=6 |I|=6  degeneracies=0  H consistent: True
case 1003: m=6 |I|=4  degeneracies=0  H consistent: True
case 1004: m=4 |I|=2  degeneracies=0  H consistent: True
case 1005: m=5 |I|=5  degeneracies=0  H consistent: True
case 1006: m=6 |I|=6  degeneracies=0  H consistent: True
case 1007: m=6 |I|=3  degeneracies=0  H consistent: True
case 1008: m=6 |I|=5  degeneracies=0  H consistent: True
  m=5 I=[2] degenerate h=[1/9, 1/3, 1] lam=(1, 3): all faces individually degenerate: True
case 1009: m=5 |I|=1  degeneracies=1  H consistent: True
  m=5 I=[4] degenerate h=[25/16, 5/4, 1] lam=(1, 4/5): all faces individually degenerate: True
case 1010: m=5 |I|=1  degeneracies=1  H consistent: True
case 1011: m=6 |I|=2  degeneracies=0  H consistent: True
case 1012: m=3 |I|=3  degeneracies=0  H consistent: True
case 1013: m=3 |I|=2  degeneracies=0  H consistent: True
case 1014: m=5 |I|=4  degeneracies=0  H consistent: True
case 1015: m=5 |I|=4  degeneracies=0  H consistent: True
  m=6 I=[4] degenerate h=[1/25, -1/5, 1] lam=(1, -5): all faces individually degenerate: True
case 1016: m=6 |I|=1  degeneracies=1  H consistent: True
  m=5 I=[1] degenerate h=[4, -2, 1] lam=(1, -1/2): all faces individually degenerate: True
case 1017: m=5 |I|=1  degeneracies=1  H consistent: True
  m=6 I=[0] degenerate h=[1/4, 1/2, 1] lam=(1, 2): all faces individually degenerate: True
case 1018: m=6 |I|=1  degeneracies=1  H consistent: True
  m=4 I=[2] degenerate h=[1/9, -1/3, 1] lam=(1, -3): all faces individually degenerate: True
case 1019: m=4 |I|=1  degeneracies=1  H consistent: True
case 1020: m=4 |I|=2  degeneracies=0  H consistent: True
case 1021: m=4 |I|=3  degeneracies=0  H consistent: True
  m=4 I=[2] degenerate h=[0, 0, 1] lam=(0, 1): all faces individually degenerate: True
case 1022: m=4 |I|=1  degeneracies=1  H consistent: True
case 1023: m=5 |I|=3  degeneracies=0  H consistent: True
case 1024: m=3 |I|=2  degeneracies=0  H consistent: True
case 1025: m=5 |I|=3  degeneracies=0  H consistent: True
case 1026: m=6 |I|=3  degeneracies=0  H consistent: True
case 1027: m=4 |I|=2  degeneracies=0  H consistent: True
case 1028: m=6 |I|=2  degeneracies=0  H consistent: True
case 1029: m=6 |I|=3  degeneracies=0  H consistent: True
case 1030: m=4 |I|=3  degeneracies=0  H consistent: True
case 1031: m=3 |I|=2  degeneracies=0  H consistent: True
case 1032: m=5 |I|=4  degeneracies=0  H consistent: True
case 1033: m=6 |I|=4  degeneracies=0  H consistent: True
case 1034: m=4 |I|=2  degeneracies=0  H consistent: True
case 1035: m=6 |I|=2  degeneracies=0  H consistent: True
case 1036: m=6 |I|=2  degeneracies=0  H consistent: True
case 1037: m=6 |I|=2  degeneracies=0  H consistent: True
  m=5 I=[4] degenerate h=[16, 4, 1] lam=(1, 1/4): all faces individually degenerate: True
case 1038: m=5 |I|=1  degeneracies=1  H consistent: True
case 1039: m=5 |I|=4  degeneracies=0  H consistent: True
case 1040: m=6 |I|=5  degeneracies=0  H consistent: True
case 1041: m=4 |I|=3  degeneracies=0  H consistent: True
  m=6 I=[4] degenerate h=[4, -2, 1] lam=(1, -1/2): all faces individually degenerate: True
case 1042: m=6 |I|=1  degeneracies=1  H consistent: True
case 1043: m=4 |I|=4  degeneracies=0  H consistent: True
case 1044: m=5 |I|=4  degeneracies=0  H consistent: True
case 1045: m=5 |I|=3  degeneracies=0  H consistent: True
  m=4 I=[1] degenerate h=[25, -5, 1] lam=(1, -1/5): all faces individually degenerate: True
case 1046: m=4 |I|=1  degeneracies=1  H consistent: True
  m=4 I=[2] degenerate h=[9/4, 3/2, 1] lam=(1, 2/3): all faces individually degenerate: True
case 1047: m=4 |I|=1  degeneracies=1  H consistent: True
case 1048: m=5 |I|=5  degeneracies=0  H consistent: True
case 1049: m=5 |I|=5  degeneracies=0  H consistent: True
case 1050: m=4 |I|=3  degeneracies=0  H consistent: True
  m=4 I=[1] degenerate h=[1/9, 1/3, 1] lam=(1, 3): all faces individually degenerate: True
case 1051: m=4 |I|=1  degeneracies=1  H consistent: True
  m=3 I=[1] degenerate h=[1/25, 1/5, 1] lam=(1, 5): all faces individually degenerate: True
case 1052: m=3 |I|=1  degeneracies=1  H consistent: True
  m=5 I=[0] degenerate h=[1/4, -1/2, 1] lam=(1, -2): all faces individually degenerate: True
case 1053: m=5 |I|=1  degeneracies=1  H consistent: True
  m=6 I=[0] degenerate h=[4, 2, 1] lam=(1, 1/2): all faces individually degenerate: True
case 1054: m=6 |I|=1  degeneracies=1  H consistent: True
case 1055: m=5 |I|=3  degeneracies=0  H consistent: True
  m=5 I=[2] degenerate h=[1, 0, 0] lam=(1, 0): all faces individually degenerate: True
case 1056: m=5 |I|=1  degeneracies=1  H consistent: True
case 1057: m=5 |I|=5  degeneracies=0  H consistent: True
case 1058: m=6 |I|=3  degeneracies=0  H consistent: True
  m=4 I=[3] degenerate h=[1, 0, 0] lam=(1, 0): all faces individually degenerate: True
case 1059: m=4 |I|=1  degeneracies=1  H consistent: True
case 1060: m=4 |I|=3  degeneracies=0  H consistent: True
  m=3 I=[2] degenerate h=[1, -1, 1] lam=(1, -1): all faces individually degenerate: True
case 1061: m=3 |I|=1  degeneracies=1  H consistent: True
case 1062: m=6 |I|=3  degeneracies=0  H consistent: True
case 1063: m=4 |I|=4  degeneracies=0  H consistent: True
case 1064: m=4 |I|=3  degeneracies=0  H consistent: True
case 1065: m=5 |I|=4  degeneracies=0  H consistent: True
  m=4 I=[0] degenerate h=[9, -3, 1] lam=(1, -1/3): all faces individually degenerate: True
case 1066: m=4 |I|=1  degeneracies=1  H consistent: True
case 1067: m=5 |I|=3  degeneracies=0  H consistent: True
  m=5 I=[4] degenerate h=[9/16, -3/4, 1] lam=(1, -4/3): all faces individually degenerate: True
case 1068: m=5 |I|=1  degeneracies=1  H consistent: True
  m=6 I=[2, 5] degenerate h=[4, -2, 1] lam=(1, -1/2): all faces individually degenerate: True
case 1069: m=6 |I|=2  degeneracies=1  H consistent: True
  m=5 I=[1] degenerate h=[16, 4, 1] lam=(1, 1/4): all faces individually degenerate: True
case 1070: m=5 |I|=1  degeneracies=1  H consistent: True
case 1071: m=5 |I|=2  degeneracies=0  H consistent: True
case 1072: m=5 |I|=5  degeneracies=0  H consistent: True
case 1073: m=4 |I|=3  degeneracies=0  H consistent: True
case 1074: m=6 |I|=3  degeneracies=0  H consistent: True
case 1075: m=6 |I|=5  degeneracies=0  H consistent: True
case 1076: m=6 |I|=5  degeneracies=0  H consistent: True
case 1077: m=6 |I|=6  degeneracies=0  H consistent: True
case 1078: m=5 |I|=5  degeneracies=0  H consistent: True
case 1079: m=5 |I|=2  degeneracies=0  H consistent: True
case 1080: m=5 |I|=5  degeneracies=0  H consistent: True
  m=4 I=[2] degenerate h=[1/25, -1/5, 1] lam=(1, -5): all faces individually degenerate: True
case 1081: m=4 |I|=1  degeneracies=1  H consistent: True
case 1082: m=5 |I|=3  degeneracies=0  H consistent: True
case 1083: m=6 |I|=3  degeneracies=0  H consistent: True
case 1084: m=4 |I|=3  degeneracies=0  H consistent: True
case 1085: m=5 |I|=2  degeneracies=0  H consistent: True
case 1086: m=5 |I|=3  degeneracies=0  H consistent: True
  m=6 I=[4] degenerate h=[1, -1, 1] lam=(1, -1): all faces individually degenerate: True
case 1087: m=6 |I|=1  degeneracies=1  H consistent: True
case 1088: m=4 |I|=2  degeneracies=0  H consistent: True
case 1089: m=6 |I|=4  degeneracies=0  H consistent: True
case 1090: m=5 |I|=2  degeneracies=0  H consistent: True
  m=6 I=[0] degenerate h=[1/16, 1/4, 1] lam=(1, 4): all faces individually degenerate: True
case 1091: m=6 |I|=1  degeneracies=1  H consistent: True
case 1092: m=4 |I|=4  degeneracies=0  H consistent: True
case 1093: m=6 |I|=3  degeneracies=0  H consistent: True
  m=5 I=[0] degenerate h=[1, 1, 1] lam=(1, 1): all faces individually degenerate: True
case 1094: m=5 |I|=1  degeneracies=1  H consistent: True
case 1095: m=6 |I|=4  degeneracies=0  H consistent: True
case 1096: m=6 |I|=5  degeneracies=0  H consistent: True
case 1097: m=6 |I|=3  degeneracies=0  H consistent: True
case 1098: m=5 |I|=5  degeneracies=0  H consistent: True
case 1099: m=5 |I|=4  degeneracies=0  H consistent: True
case 1100: m=5 |I|=5  degeneracies=0  H consistent: True
case 1101: m=4 |I|=4  degeneracies=0  H consistent: True
  m=6 I=[3] degenerate h=[1/9, 1/3, 1] lam=(1, 3): all faces individually degenerate: True
case 1102: m=6 |I|=1  degeneracies=1  H consistent: True
case 1103: m=4 |I|=4  degeneracies=0  H consistent: True
case 1104: m=6 |I|=3  degeneracies=0  H consistent: True
case 1105: m=6 |I|=2  degeneracies=0  H consistent: True
case 1106: m=5 |I|=2  degeneracies=0  H consistent: True
case 1107: m=4 |I|=2  degeneracies=0  H consistent: True
case 1108: m=5 |I|=5  degeneracies=0  H consistent: True
case 1109: m=5 |I|=5  degeneracies=0  H consistent: True
case 1110: m=6 |I|=2  degeneracies=0  H consistent: True
case 1111: m=5 |I|=4  degeneracies=0  H consistent: True
case 1112: m=6 |I|=6  degeneracies=0  H consistent: True
  m=3 I=[2] degenerate h=[25, -5, 1] lam=(1, -1/5): all faces individually degenerate: True
case 1113: m=3 |I|=1  degeneracies=1  H consistent: True
case 1114: m=6 |I|=2  degeneracies=0  H consistent: True
  m=6 I=[4] degenerate h=[1, 1, 1] lam=(1, 1): all faces individually degenerate: True
case 1115: m=6 |I|=1  degeneracies=1  H consistent: True
case 1116: m=3 |I|=2  degeneracies=0  H consistent: True
  m=5 I=[3] degenerate h=[1/4, 1/2, 1] lam=(1, 2): all faces individually degenerate: True
case 1117: m=5 |I|=1  degeneracies=1  H consistent: True
case 1118: m=6 |I|=5  degeneracies=0  H consistent: True
case 1119: m=3 |I|=3  degeneracies=0  H consistent: True
case 1120: m=5 |I|=3  degeneracies=0  H consistent: True
case 1121: m=4 |I|=4  degeneracies=0  H consistent: True
case 1122: m=6 |I|=3  degeneracies=0  H consistent: True
case 1123: m=5 |I|=4  degeneracies=0  H consistent: True
case 1124: m=5 |I|=4  degeneracies=0  H consistent: True
case 1125: m=3 |I|=3  degeneracies=0  H consistent: True
case 1126: m=4 |I|=3  degeneracies=0  H consistent: True
case 1127: m=5 |I|=3  degeneracies=0  H consistent: True
case 1128: m=5 |I|=5  degeneracies=0  H consistent: True
case 1129: m=5 |I|=3  degeneracies=0  H consistent: True
case 1130: m=5 |I|=2  degeneracies=0  H consistent: True
case 1131: m=5 |I|=2  degeneracies=0  H consistent: True
case 1132: m=5 |I|=2  degeneracies=0  H consistent: True
  m=6 I=[3] degenerate h=[4, -2, 1] lam=(1, -1/2): all faces individually degenerate: True
case 1133: m=6 |I|=1  degeneracies=1  H consistent: True
  m=5 I=[1] degenerate h=[4, -2, 1] lam=(1, -1/2): all faces individually degenerate: True
case 1134: m=5 |I|=1  degeneracies=1  H consistent: True
case 1135: m=6 |I|=3  degeneracies=0  H consistent: True
  m=6 I=[2] degenerate h=[4, 2, 1] lam=(1, 1/2): all faces individually degenerate: True
case 1136: m=6 |I|=1  degeneracies=1  H consistent: True
case 1137: m=4 |I|=3  degeneracies=0  H consistent: True
case 1138: m=6 |I|=2  degeneracies=0  H consistent: True
case 1139: m=5 |I|=2  degeneracies=0  H consistent: True
case 1140: m=4 |I|=3  degeneracies=0  H consistent: True
  m=4 I=[3] degenerate h=[16, 4, 1] lam=(1, 1/4): all faces individually degenerate: True
case 1141: m=4 |I|=1  degeneracies=1  H consistent: True
  m=4 I=[0] degenerate h=[1, -1, 1] lam=(1, -1): all faces individually degenerate: True
case 1142: m=4 |I|=1  degeneracies=1  H consistent: True
  m=6 I=[4] degenerate h=[1/4, 1/2, 1] lam=(1, 2): all faces individually degenerate: True
case 1143: m=6 |I|=1  degeneracies=1  H consistent: True
  m=6 I=[5] degenerate h=[9, -3, 1] lam=(1, -1/3): all faces individually degenerate: True
case 1144: m=6 |I|=1  degeneracies=1  H consistent: True
case 1145: m=5 |I|=5  degeneracies=0  H consistent: True
case 1146: m=6 |I|=4  degeneracies=0  H consistent: True
case 1147: m=4 |I|=4  degeneracies=0  H consistent: True
case 1148: m=5 |I|=2  degeneracies=0  H consistent: True
case 1149: m=6 |I|=6  degeneracies=0  H consistent: True
case 1150: m=6 |I|=5  degeneracies=0  H consistent: True
case 1151: m=5 |I|=2  degeneracies=0  H consistent: True
case 1152: m=6 |I|=2  degeneracies=0  H consistent: True
case 1153: m=6 |I|=2  degeneracies=0  H consistent: True
  m=6 I=[2] degenerate h=[1, 1, 1] lam=(1, 1): all faces individually degenerate: True
case 1154: m=6 |I|=1  degeneracies=1  H consistent: True
case 1155: m=6 |I|=6  degeneracies=0  H consistent: True
  m=4 I=[1] degenerate h=[36, 6, 1] lam=(1, 1/6): all faces individually degenerate: True
case 1156: m=4 |I|=1  degeneracies=1  H consistent: True
case 1157: m=6 |I|=3  degeneracies=0  H consistent: True
case 1158: m=4 |I|=3  degeneracies=0  H consistent: True
case 1159: m=6 |I|=5  degeneracies=0  H consistent: True
  m=4 I=[1] degenerate h=[1/9, -1/3, 1] lam=(1, -3): all faces individually degenerate: True
case 1160: m=4 |I|=1  degeneracies=1  H consistent: True
case 1161: m=6 |I|=2  degeneracies=0  H consistent: True
case 1162: m=6 |I|=3  degeneracies=0  H consistent: True
case 1163: m=4 |I|=4  degeneracies=0  H consistent: True
case 1164: m=4 |I|=4  degeneracies=0  H consistent: True
case 1165: m=6 |I|=2  degeneracies=0  H consistent: True
  m=4 I=[2] degenerate h=[25/36, 5/6, 1] lam=(1, 6/5): all faces individually degenerate: True
case 1166: m=4 |I|=1  degeneracies=1  H consistent: True
case 1167: m=5 |I|=5  degeneracies=0  H consistent: True
case 1168: m=4 |I|=4  degeneracies=0  H consistent: True
  m=5 I=[1] degenerate h=[1/36, -1/6, 1] lam=(1, -6): all faces individually degenerate: True
case 1169: m=5 |I|=1  degeneracies=1  H consistent: True
case 1170: m=5 |I|=4  degeneracies=0  H consistent: True
case 1171: m=6 |I|=5  degeneracies=0  H consistent: True
case 1172: m=6 |I|=5  degeneracies=0  H consistent: True
case 1173: m=4 |I|=2  degeneracies=0  H consistent: True
case 1174: m=4 |I|=2  degeneracies=0  H consistent: True
case 1175: m=6 |I|=5  degeneracies=0  H consistent: True
  m=4 I=[3] degenerate h=[1, 1, 1] lam=(1, 1): all faces individually degenerate: True
case 1176: m=4 |I|=1  degeneracies=1  H consistent: True
case 1177: m=4 |I|=2  degeneracies=0  H consistent: True
  m=4 I=[2] degenerate h=[1/4, -1/2, 1] lam=(1, -2): all faces individually degenerate: True
case 1178: m=4 |I|=1  degeneracies=1  H consistent: True
case 1179: m=5 |I|=5  degeneracies=0  H consistent: True
case 1180: m=6 |I|=2  degeneracies=0  H consistent: True
case 1181: m=5 |I|=2  degeneracies=0  H consistent: True
case 1182: m=5 |I|=3  degeneracies=0  H consistent: True
  m=4 I=[2] degenerate h=[9/25, 3/5, 1] lam=(1, 5/3): all faces individually degenerate: True
case 1183: m=4 |I|=1  degeneracies=1  H consistent: True
case 1184: m=6 |I|=2  degeneracies=0  H consistent: True
case 1185: m=5 |I|=3  degeneracies=0  H consistent: True
case 1186: m=4 |I|=4  degeneracies=0  H consistent: True
  m=5 I=[0, 4] degenerate h=[1, -1, 1] lam=(1, -1): all faces individually degenerate: True
case 1187: m=5 |I|=2  degeneracies=1  H consistent: True
case 1188: m=5 |I|=3  degeneracies=0  H consistent: True
  m=5 I=[1] degenerate h=[1/4, 1/2, 1] lam=(1, 2): all faces individually degenerate: True
case 1189: m=5 |I|=1  degeneracies=1  H consistent: True
case 1190: m=3 |I|=3  degeneracies=0  H consistent: True
case 1191: m=4 |I|=4  degeneracies=0  H consistent: True
  m=6 I=[5] degenerate h=[16, -4, 1] lam=(1, -1/4): all faces individually degenerate: True
case 1192: m=6 |I|=1  degeneracies=1  H consistent: True
  m=6 I=[1] degenerate h=[1, 0, 0] lam=(1, 0): all faces individually degenerate: True
case 1193: m=6 |I|=1  degeneracies=1  H consistent: True
case 1194: m=4 |I|=3  degeneracies=0  H consistent: True
case 1195: m=5 |I|=5  degeneracies=0  H consistent: True
case 1196: m=5 |I|=3  degeneracies=0  H consistent: True
case 1197: m=6 |I|=6  degeneracies=0  H consistent: True
case 1198: m=6 |I|=4  degeneracies=0  H consistent: True
  m=6 I=[3] degenerate h=[1, 0, 0] lam=(1, 0): all faces individually degenerate: True
case 1199: m=6 |I|=1  degeneracies=1  H consistent: True
  m=6 I=[1] degenerate h=[4, 2, 1] lam=(1, 1/2): all faces individually degenerate: True
case 1200: m=6 |I|=1  degeneracies=1  H consistent: True
case 1201: m=6 |I|=5  degeneracies=0  H consistent: True
case 1: m=6 |I|=2  degeneracies=0  H consistent: True
case 2: m=6 |I|=5  degeneracies=0  H consistent: True
case 3: m=5 |I|=3  degeneracies=0  H consistent: True
case 4: m=5 |I|=2  degeneracies=0  H consistent: True
case 5: m=6 |I|=3  degeneracies=0  H consistent: True
  m=5 I=[0] degenerate h=[16/9, -4/3, 1] lam=(1, -3/4): all faces individually degenerate: True
case 6: m=5 |I|=1  degeneracies=1  H consistent: True
case 7: m=5 |I|=3  degeneracies=0  H consistent: True
case 8: m=6 |I|=6  degeneracies=0  H consistent: True
case 9: m=6 |I|=2  degeneracies=0  H consistent: True
case 10: m=6 |I|=5  degeneracies=0  H consistent: True
case 11: m=4 |I|=4  degeneracies=0  H consistent: True
case 12: m=6 |I|=2  degeneracies=0  H consistent: True
  m=5 I=[3] degenerate h=[1, -1, 1] lam=(1, -1): all faces individually degenerate: True
case 13: m=5 |I|=1  degeneracies=1  H consistent: True
case 14: m=5 |I|=2  degeneracies=0  H consistent: True
  m=6 I=[1] degenerate h=[1, -1, 1] lam=(1, -1): all faces individually degenerate: True
case 15: m=6 |I|=1  degeneracies=1  H consistent: True
case 16: m=5 |I|=3  degeneracies=0  H consistent: True
case 17: m=6 |I|=5  degeneracies=0  H consistent: True
case 18: m=4 |I|=3  degeneracies=0  H consistent: True
  m=5 I=[3] degenerate h=[1, 0, 0] lam=(1, 0): all faces individually degenerate: True
case 19: m=5 |I|=1  degeneracies=1  H consistent: True
  m=5 I=[2] degenerate h=[0, 0, 1] lam=(0, 1): all faces individually degenerate: True
case 20: m=5 |I|=1  degeneracies=1  H consistent: True
case 21: m=6 |I|=6  degeneracies=0  H consistent: True
case 22: m=5 |I|=3  degeneracies=0  H consistent: True
case 23: m=6 |I|=5  degeneracies=0  H consistent: True
case 24: m=6 |I|=4  degeneracies=0  H consistent: True
case 25: m=6 |I|=2  degeneracies=0  H consistent: True
case 26: m=5 |I|=4  degeneracies=0  H consistent: True
  m=5 I=[0] degenerate h=[4/25, 2/5, 1] lam=(1, 5/2): all faces individually degenerate: True
case 27: m=5 |I|=1  degeneracies=1  H consistent: True
case 28: m=6 |I|=4  degeneracies=0  H consistent: True
case 29: m=4 |I|=3  degeneracies=0  H consistent: True
case 30: m=5 |I|=4  degeneracies=0  H consistent: True
case 31: m=4 |I|=4  degeneracies=0  H consistent: True
case 32: m=5 |I|=4  degeneracies=0  H consistent: True
case 33: m=6 |I|=5  degeneracies=0  H consistent: True
  m=4 I=[2] degenerate h=[25/9, 5/3, 1] lam=(1, 3/5): all faces individually degenerate: True
case 34: m=4 |I|=1  degeneracies=1  H consistent: True
case 35: m=6 |I|=6  degeneracies=0  H consistent: True
  m=5 I=[0] degenerate h=[1/9, -1/3, 1] lam=(1, -3): all faces individually degenerate: True
case 36: m=5 |I|=1  degeneracies=1  H consistent: True
  m=5 I=[0] degenerate h=[1, -1, 1] lam=(1, -1): all faces individually degenerate: True
case 37: m=5 |I|=1  degeneracies=1  H consistent: True
case 38: m=5 |I|=4  degeneracies=0  H consistent: True
case 39: m=6 |I|=2  degeneracies=0  H consistent: True
case 40: m=5 |I|=2  degeneracies=0  H consistent: True
case 41: m=6 |I|=2  degeneracies=0  H consistent: True
  m=6 I=[3] degenerate h=[1/4, -1/2, 1] lam=(1, -2): all faces individually degenerate: True
case 42: m=6 |I|=1  degeneracies=1  H consistent: True
  m=5 I=[1] degenerate h=[1, -1, 1] lam=(1, -1): all faces individually degenerate: True
case 43: m=5 |I|=1  degeneracies=1  H consistent: True
  m=6 I=[5] degenerate h=[25/4, -5/2, 1] lam=(1, -2/5): all faces individually degenerate: True
case 44: m=6 |I|=1  degeneracies=1  H consistent: True
case 45: m=5 |I|=3  degeneracies=0  H consistent: True
case 46: m=6 |I|=3  degeneracies=0  H consistent: True
case 47: m=5 |I|=5  degeneracies=0  H consistent: True
case 48: m=5 |I|=4  degeneracies=0  H consistent: True
  m=4 I=[1] degenerate h=[25, 5, 1] lam=(1, 1/5): all faces individually degenerate: True
case 49: m=4 |I|=1  degeneracies=1  H consistent: True
case 50: m=6 |I|=4  degeneracies=0  H consistent: True
case 51: m=4 |I|=4  degeneracies=0  H consistent: True
case 52: m=5 |I|=4  degeneracies=0  H consistent: True
case 53: m=6 |I|=2  degeneracies=0  H consistent: True
case 54: m=5 |I|=5  degeneracies=0  H consistent: True
case 55: m=6 |I|=2  degeneracies=0  H consistent: True
case 56: m=5 |I|=4  degeneracies=0  H consistent: True
  m=5 I=[0] degenerate h=[1, 1, 1] lam=(1, 1): all faces individually degenerate: True
case 57: m=5 |I|=1  degeneracies=1  H consistent: True
case 58: m=5 |I|=2  degeneracies=0  H consistent: True
case 59: m=4 |I|=4  degeneracies=0  H consistent: True
  m=5 I=[3] degenerate h=[1/9, 1/3, 1] lam=(1, 3): all faces individually degenerate: True
case 60: m=5 |I|=1  degeneracies=1  H consistent: True
case 61: m=5 |I|=5  degeneracies=0  H consistent: True
case 62: m=6 |I|=2  degeneracies=0  H consistent: True
case 63: m=5 |I|=3  degeneracies=0  H consistent: True
case 64: m=5 |I|=5  degeneracies=0  H consistent: True
case 65: m=5 |I|=5  degeneracies=0  H consistent: True
case 66: m=3 |I|=2  degeneracies=0  H consistent: True
case 67: m=5 |I|=2  degeneracies=0  H consistent: True
case 68: m=6 |I|=5  degeneracies=0  H consistent: True
  m=5 I=[2] degenerate h=[16/9, 4/3, 1] lam=(1, 3/4): all faces individually degenerate: True
case 69: m=5 |I|=1  degeneracies=1  H consistent: True
case 70: m=6 |I|=4  degeneracies=0  H consistent: True
case 71: m=6 |I|=5  degeneracies=0  H consistent: True
case 72: m=3 |I|=2  degeneracies=0  H consistent: True
case 73: m=5 |I|=3  degeneracies=0  H consistent: True
case 74: m=5 |I|=2  degeneracies=0  H consistent: True
case 75: m=4 |I|=4  degeneracies=0  H consistent: True
case 76: m=5 |I|=3  degeneracies=0  H consistent: True
case 77: m=6 |I|=5  degeneracies=0  H consistent: True
case 78: m=4 |I|=3  degeneracies=0  H consistent: True
case 79: m=5 |I|=3  degeneracies=0  H consistent: True
case 80: m=6 |I|=2  degeneracies=0  H consistent: True
case 81: m=4 |I|=2  degeneracies=0  H consistent: True
case 82: m=6 |I|=6  degeneracies=0  H consistent: True
case 83: m=6 |I|=6  degeneracies=0  H consistent: True
  m=6 I=[0] degenerate h=[0, 0, 1] lam=(0, 1): all faces individually degenerate: True
case 84: m=6 |I|=1  degeneracies=1  H consistent: True
case 85: m=6 |I|=6  degeneracies=0  H consistent: True
case 86: m=6 |I|=2  degeneracies=0  H consistent: True
  m=5 I=[0] degenerate h=[9/16, -3/4, 1] lam=(1, -4/3): all faces individually degenerate: True
case 87: m=5 |I|=1  degeneracies=1  H consistent: True
case 88: m=5 |I|=3  degeneracies=0  H consistent: True
case 89: m=5 |I|=4  degeneracies=0  H consistent: True
case 90: m=6 |I|=5  degeneracies=0  H consistent: True
case 91: m=4 |I|=2  degeneracies=0  H consistent: True
case 92: m=5 |I|=2  degeneracies=0  H consistent: True
case 93: m=5 |I|=3  degeneracies=0  H consistent: True
case 94: m=6 |I|=6  degeneracies=0  H consistent: True
  m=5 I=[4] degenerate h=[16, -4, 1] lam=(1, -1/4): all faces individually degenerate: True
case 95: m=5 |I|=1  degeneracies=1  H consistent: True
  m=3 I=[2] degenerate h=[36, 6, 1] lam=(1, 1/6): all faces individually degenerate: True
case 96: m=3 |I|=1  degeneracies=1  H consistent: True
case 97: m=6 |I|=4  degeneracies=0  H consistent: True
case 98: m=6 |I|=5  degeneracies=0  H consistent: True
case 99: m=4 |I|=2  degeneracies=0  H consistent: True
case 100: m=4 |I|=4  degeneracies=0  H consistent: True
  m=4 I=[1] degenerate h=[25/9, 5/3, 1] lam=(1, 3/5): all faces individually degenerate: True
case 101: m=4 |I|=1  degeneracies=1  H consistent: True
  m=6 I=[1] degenerate h=[1/4, -1/2, 1] lam=(1, -2): all faces individually degenerate: True
case 102: m=6 |I|=1  degeneracies=1  H consistent: True
  m=3 I=[1] degenerate h=[1/16, -1/4, 1] lam=(1, -4): all faces individually degenerate: True
case 103: m=3 |I|=1  degeneracies=1  H consistent: True
case 104: m=6 |I|=3  degeneracies=0  H consistent: True
case 105: m=5 |I|=3  degeneracies=0  H consistent: True
case 106: m=4 |I|=2  degeneracies=0  H consistent: True
case 107: m=5 |I|=5  degeneracies=0  H consistent: True
  m=3 I=[0] degenerate h=[4/25, -2/5, 1] lam=(1, -5/2): all faces individually degenerate: True
case 108: m=3 |I|=1  degeneracies=1  H consistent: True
case 109: m=5 |I|=4  degeneracies=0  H consistent: True
case 110: m=3 |I|=3  degeneracies=0  H consistent: True
  m=6 I=[1] degenerate h=[1/4, -1/2, 1] lam=(1, -2): all faces individually degenerate: True
case 111: m=6 |I|=1  degeneracies=1  H consistent: True
case 112: m=5 |I|=5  degeneracies=0  H consistent: True
  m=4 I=[2] degenerate h=[1/25, 1/5, 1] lam=(1, 5): all faces individually degenerate: True
case 113: m=4 |I|=1  degeneracies=1  H consistent: True
  m=5 I=[2] degenerate h=[0, 0, 1] lam=(0, 1): all faces individually degenerate: True
case 114: m=5 |I|=1  degeneracies=1  H consistent: True
case 115: m=5 |I|=3  degeneracies=0  H consistent: True
case 116: m=3 |I|=2  degeneracies=0  H consistent: True
case 117: m=6 |I|=5  degeneracies=0  H consistent: True
case 118: m=6 |I|=6  degeneracies=0  H consistent: True
case 119: m=6 |I|=6  degeneracies=0  H consistent: True
case 120: m=6 |I|=6  degeneracies=0  H consistent: True
case 121: m=4 |I|=2  degeneracies=0  H consistent: True
  m=4 I=[1] degenerate h=[16, -4, 1] lam=(1, -1/4): all faces individually degenerate: True
case 122: m=4 |I|=1  degeneracies=1  H consistent: True
case 123: m=4 |I|=4  degeneracies=0  H consistent: True
case 124: m=6 |I|=5  degeneracies=0  H consistent: True
case 125: m=6 |I|=3  degeneracies=0  H consistent: True
case 126: m=4 |I|=4  degeneracies=0  H consistent: True
case 127: m=6 |I|=2  degeneracies=0  H consistent: True
case 128: m=6 |I|=5  degeneracies=0  H consistent: True
  m=5 I=[3] degenerate h=[1, -1, 1] lam=(1, -1): all faces individually degenerate: True
case 129: m=5 |I|=1  degeneracies=1  H consistent: True
case 130: m=4 |I|=2  degeneracies=0  H consistent: True
case 131: m=5 |I|=5  degeneracies=0  H consistent: True
  m=5 I=[0] degenerate h=[1, 0, 0] lam=(1, 0): all faces individually degenerate: True
case 132: m=5 |I|=1  degeneracies=1  H consistent: True
case 133: m=5 |I|=2  degeneracies=0  H consistent: True
case 134: m=6 |I|=4  degeneracies=0  H consistent: True
case 135: m=6 |I|=3  degeneracies=0  H consistent: True
case 136: m=5 |I|=5  degeneracies=0  H consistent: True
case 137: m=5 |I|=5  degeneracies=0  H consistent: True
case 138: m=5 |I|=2  degeneracies=0  H consistent: True
case 139: m=5 |I|=4  degeneracies=0  H consistent: True
case 140: m=6 |I|=5  degeneracies=0  H consistent: True
  m=6 I=[0] degenerate h=[1/4, -1/2, 1] lam=(1, -2): all faces individually degenerate: True
case 141: m=6 |I|=1  degeneracies=1  H consistent: True
case 142: m=5 |I|=3  degeneracies=0  H consistent: True
case 143: m=6 |I|=2  degeneracies=0  H consistent: True
case 144: m=6 |I|=4  degeneracies=0  H consistent: True
case 145: m=6 |I|=6  degeneracies=0  H consistent: True
case 146: m=6 |I|=5  degeneracies=0  H consistent: True
case 147: m=6 |I|=3  degeneracies=0  H consistent: True
case 148: m=4 |I|=3  degeneracies=0  H consistent: True
case 149: m=6 |I|=4  degeneracies=0  H consistent: True
  m=6 I=[1] degenerate h=[4, -2, 1] lam=(1, -1/2): all faces individually degenerate: True
case 150: m=6 |I|=1  degeneracies=1  H consistent: True
case 151: m=5 |I|=4  degeneracies=0  H consistent: True
case 152: m=6 |I|=5  degeneracies=0  H consistent: True
  m=6 I=[2] degenerate h=[4, 2, 1] lam=(1, 1/2): all faces individually degenerate: True
case 153: m=6 |I|=1  degeneracies=1  H consistent: True
case 154: m=5 |I|=5  degeneracies=0  H consistent: True
case 155: m=5 |I|=4  degeneracies=0  H consistent: True
case 156: m=5 |I|=3  degeneracies=0  H consistent: True
case 157: m=6 |I|=3  degeneracies=0  H consistent: True
case 158: m=6 |I|=3  degeneracies=0  H consistent: True
case 159: m=5 |I|=5  degeneracies=0  H consistent: True
  m=4 I=[3] degenerate h=[1, 0, 0] lam=(1, 0): all faces individually degenerate: True
case 160: m=4 |I|=1  degeneracies=1  H consistent: True
  m=3 I=[0] degenerate h=[1/9, 1/3, 1] lam=(1, 3): all faces individually degenerate: True
case 161: m=3 |I|=1  degeneracies=1  H consistent: True
case 162: m=4 |I|=4  degeneracies=0  H consistent: True
  m=6 I=[2] degenerate h=[1, 0, 0] lam=(1, 0): all faces individually degenerate: True
case 163: m=6 |I|=1  degeneracies=1  H consistent: True
case 164: m=4 |I|=3  degeneracies=0  H consistent: True
case 165: m=4 |I|=3  degeneracies=0  H consistent: True
  m=4 I=[1] degenerate h=[1, 1, 1] lam=(1, 1): all faces individually degenerate: True
case 166: m=4 |I|=1  degeneracies=1  H consistent: True
case 167: m=5 |I|=2  degeneracies=0  H consistent: True
case 168: m=5 |I|=4  degeneracies=0  H consistent: True
case 169: m=6 |I|=2  degeneracies=0  H consistent: True
  m=5 I=[1] degenerate h=[1, -1, 1] lam=(1, -1): all faces individually degenerate: True
case 170: m=5 |I|=1  degeneracies=1  H consistent: True
case 171: m=6 |I|=5  degeneracies=0  H consistent: True
  m=3 I=[0] degenerate h=[1/36, 1/6, 1] lam=(1, 6): all faces individually degenerate: True
case 172: m=3 |I|=1  degeneracies=1  H consistent: True
case 173: m=6 |I|=5  degeneracies=0  H consistent: True
case 174: m=6 |I|=4  degeneracies=0  H consistent: True
  m=3 I=[2] degenerate h=[1, 0, 0] lam=(1, 0): all faces individually degenerate: True
case 175: m=3 |I|=1  degeneracies=1  H consistent: True
case 176: m=5 |I|=5  degeneracies=0  H consistent: True
case 177: m=5 |I|=5  degeneracies=0  H consistent: True
case 178: m=5 |I|=2  degeneracies=0  H consistent: True
  m=5 I=[3] degenerate h=[1, -1, 1] lam=(1, -1): all faces individually degenerate: True
case 179: m=5 |I|=1  degeneracies=1  H consistent: True
case 180: m=6 |I|=2  degeneracies=0  H consistent: True
case 181: m=5 |I|=4  degeneracies=0  H consistent: True
case 182: m=5 |I|=4  degeneracies=0  H consistent: True
case 183: m=6 |I|=4  degeneracies=0  H consistent: True
case 184: m=5 |I|=3  degeneracies=0  H consistent: True
case 185: m=4 |I|=3  degeneracies=0  H consistent: True
  m=5 I=[3] degenerate h=[4, -2, 1] lam=(1, -1/2): all faces individually degenerate: True
case 186: m=5 |I|=1  degeneracies=1  H consistent: True
case 187: m=5 |I|=2  degeneracies=0  H consistent: True
case 188: m=5 |I|=2  degeneracies=0  H consistent: True
  m=5 I=[0] degenerate h=[1/4, 1/2, 1] lam=(1, 2): all faces individually degenerate: True
case 189: m=5 |I|=1  degeneracies=1  H consistent: True
case 190: m=5 |I|=3  degeneracies=0  H consistent: True
case 191: m=6 |I|=6  degeneracies=0  H consistent: True
case 192: m=6 |I|=2  degeneracies=0  H consistent: True
case 193: m=4 |I|=2  degeneracies=0  H consistent: True
case 194: m=3 |I|=3  degeneracies=0  H consistent: True
  m=4 I=[1] degenerate h=[1/9, -1/3, 1] lam=(1, -3): all faces individually degenerate: True
case 195: m=4 |I|=1  degeneracies=1  H consistent: True
  m=4 I=[3] degenerate h=[1, 0, 0] lam=(1, 0): all faces individually degenerate: True
case 196: m=4 |I|=1  degeneracies=1  H consistent: True
case 197: m=4 |I|=3  degeneracies=0  H consistent: True
  m=4 I=[0] degenerate h=[1/36, -1/6, 1] lam=(1, -6): all faces individually degenerate: True
case 198: m=4 |I|=1  degeneracies=1  H consistent: True
case 199: m=6 |I|=2  degeneracies=0  H consistent: True
case 200: m=6 |I|=4  degeneracies=0  H consistent: True
case 201: m=3 |I|=3  degeneracies=0  H consistent: True
case 202: m=6 |I|=3  degeneracies=0  H consistent: True
case 203: m=6 |I|=6  degeneracies=0  H consistent: True
case 204: m=6 |I|=5  degeneracies=0  H consistent: True
  m=4 I=[3] degenerate h=[25, -5, 1] lam=(1, -1/5): all faces individually degenerate: True
case 205: m=4 |I|=1  degeneracies=1  H consistent: True
case 206: m=4 |I|=4  degeneracies=0  H consistent: True
case 207: m=5 |I|=3  degeneracies=0  H consistent: True
case 208: m=5 |I|=5  degeneracies=0  H consistent: True
case 209: m=6 |I|=5  degeneracies=0  H consistent: True
  m=3 I=[0] degenerate h=[9/25, -3/5, 1] lam=(1, -5/3): all faces individually degenerate: True
case 210: m=3 |I|=1  degeneracies=1  H consistent: True
case 211: m=5 |I|=3  degeneracies=0  H consistent: True
  m=5 I=[0] degenerate h=[4, -2, 1] lam=(1, -1/2): all faces individually degenerate: True
case 212: m=5 |I|=1  degeneracies=1  H consistent: True
  m=4 I=[1] degenerate h=[4, -2, 1] lam=(1, -1/2): all faces individually degenerate: True
case 213: m=4 |I|=1  degeneracies=1  H consistent: True
case 214: m=4 |I|=2  degeneracies=0  H consistent: True
case 215: m=6 |I|=4  degeneracies=0  H consistent: True
case 216: m=4 |I|=3  degeneracies=0  H consistent: True
case 217: m=6 |I|=3  degeneracies=0  H consistent: True
case 218: m=6 |I|=6  degeneracies=0  H consistent: True
case 219: m=3 |I|=3  degeneracies=0  H consistent: True
  m=6 I=[3] degenerate h=[1, -1, 1] lam=(1, -1): all faces individually degenerate: True
case 220: m=6 |I|=1  degeneracies=1  H consistent: True
case 221: m=4 |I|=4  degeneracies=0  H consistent: True
case 222: m=4 |I|=2  degeneracies=0  H consistent: True
case 223: m=5 |I|=5  degeneracies=0  H consistent: True
case 224: m=6 |I|=4  degeneracies=0  H consistent: True
  m=3 I=[2] degenerate h=[9/4, -3/2, 1] lam=(1, -2/3): all faces individually degenerate: True
case 225: m=3 |I|=1  degeneracies=1  H consistent: True
case 226: m=6 |I|=4  degeneracies=0  H consistent: True
case 227: m=5 |I|=5  degeneracies=0  H consistent: True
case 228: m=3 |I|=2  degeneracies=0  H consistent: True
  m=6 I=[0] degenerate h=[1, 0, 0] lam=(1, 0): all faces individually degenerate: True
case 229: m=6 |I|=1  degeneracies=1  H consistent: True
case 230: m=6 |I|=6  degeneracies=0  H consistent: True
  m=5 I=[1] degenerate h=[0, 0, 1] lam=(0, 1): all faces individually degenerate: True
case 231: m=5 |I|=1  degeneracies=1  H consistent: True
case 232: m=6 |I|=4  degeneracies=0  H consistent: True
case 233: m=6 |I|=5  degeneracies=0  H consistent: True
case 234: m=6 |I|=5  degeneracies=0  H consistent: True
case 235: m=4 |I|=3  degeneracies=0  H consistent: True
case 236: m=6 |I|=6  degeneracies=0  H consistent: True
  m=3 I=[2] degenerate h=[9/4, -3/2, 1] lam=(1, -2/3): all faces individually degenerate: True
case 237: m=3 |I|=1  degeneracies=1  H consistent: True
  m=6 I=[4] degenerate h=[1/49, 1/7, 1] lam=(1, 7): all faces individually degenerate: True
case 238: m=6 |I|=1  degeneracies=1  H consistent: True
case 239: m=5 |I|=3  degeneracies=0  H consistent: True
  m=5 I=[2] degenerate h=[1, 1, 1] lam=(1, 1): all faces individually degenerate: True
case 240: m=5 |I|=1  degeneracies=1  H consistent: True
case 241: m=3 |I|=3  degeneracies=0  H consistent: True
case 242: m=5 |I|=3  degeneracies=0  H consistent: True
case 243: m=4 |I|=3  degeneracies=0  H consistent: True
case 244: m=4 |I|=4  degeneracies=0  H consistent: True
case 245: m=6 |I|=6  degeneracies=0  H consistent: True
case 246: m=6 |I|=2  degeneracies=0  H consistent: True
case 247: m=6 |I|=6  degeneracies=0  H consistent: True
  m=6 I=[1] degenerate h=[0, 0, 1] lam=(0, 1): all faces individually degenerate: True
case 248: m=6 |I|=1  degeneracies=1  H consistent: True
case 249: m=6 |I|=5  degeneracies=0  H consistent: True
case 250: m=6 |I|=2  degeneracies=0  H consistent: True
  m=4 I=[3] degenerate h=[1, 0, 0] lam=(1, 0): all faces individually degenerate: True
case 251: m=4 |I|=1  degeneracies=1  H consistent: True
  m=4 I=[3] degenerate h=[1, 0, 0] lam=(1, 0): all faces individually degenerate: True
case 252: m=4 |I|=1  degeneracies=1  H consistent: True
  m=6 I=[1] degenerate h=[1, -1, 1] lam=(1, -1): all faces individually degenerate: True
case 253: m=6 |I|=1  degeneracies=1  H consistent: True
  m=6 I=[4] degenerate h=[0, 0, 1] lam=(0, 1): all faces individually degenerate: True
case 254: m=6 |I|=1  degeneracies=1  H consistent: True
case 255: m=5 |I|=5  degeneracies=0  H consistent: True
case 256: m=6 |I|=2  degeneracies=0  H consistent: True
case 257: m=5 |I|=3  degeneracies=0  H consistent: True
  m=5 I=[4] degenerate h=[36, -6, 1] lam=(1, -1/6): all faces individually degenerate: True
case 258: m=5 |I|=1  degeneracies=1  H consistent: True
case 259: m=5 |I|=3  degeneracies=0  H consistent: True
case 260: m=5 |I|=5  degeneracies=0  H consistent: True
case 261: m=4 |I|=2  degeneracies=0  H consistent: True
case 262: m=4 |I|=3  degeneracies=0  H consistent: True
  m=4 I=[0] degenerate h=[1/9, 1/3, 1] lam=(1, 3): all faces individually degenerate: True
case 263: m=4 |I|=1  degeneracies=1  H consistent: True
case 264: m=6 |I|=5  degeneracies=0  H consistent: True
  m=6 I=[4] degenerate h=[4/25, 2/5, 1] lam=(1, 5/2): all faces individually degenerate: True
case 265: m=6 |I|=1  degeneracies=1  H consistent: True
  m=5 I=[0] degenerate h=[1, 0, 0] lam=(1, 0): all faces individually degenerate: True
case 266: m=5 |I|=1  degeneracies=1  H consistent: True
case 267: m=5 |I|=2  degeneracies=0  H consistent: True
  m=5 I=[0] degenerate h=[1, -1, 1] lam=(1, -1): all faces individually degenerate: True
case 268: m=5 |I|=1  degeneracies=1  H consistent: True
case 269: m=5 |I|=4  degeneracies=0  H consistent: True
case 270: m=6 |I|=4  degeneracies=0  H consistent: True
  m=6 I=[3] degenerate h=[9/4, 3/2, 1] lam=(1, 2/3): all faces individually degenerate: True
case 271: m=6 |I|=1  degeneracies=1  H consistent: True
  m=5 I=[3] degenerate h=[9/16, -3/4, 1] lam=(1, -4/3): all faces individually degenerate: True
case 272: m=5 |I|=1  degeneracies=1  H consistent: True
  m=6 I=[0] degenerate h=[9, 3, 1] lam=(1, 1/3): all faces individually degenerate: True
case 273: m=6 |I|=1  degeneracies=1  H consistent: True
case 274: m=6 |I|=6  degeneracies=0  H consistent: True
  m=6 I=[2] degenerate h=[1/4, -1/2, 1] lam=(1, -2): all faces individually degenerate: True
case 275: m=6 |I|=1  degeneracies=1  H consistent: True
case 276: m=6 |I|=6  degeneracies=0  H consistent: True
case 277: m=6 |I|=5  degeneracies=0  H consistent: True
case 278: m=6 |I|=3  degeneracies=0  H consistent: True
case 279: m=5 |I|=4  degeneracies=0  H consistent: True
case 280: m=6 |I|=2  degeneracies=0  H consistent: True
case 281: m=6 |I|=4  degeneracies=0  H consistent: True
  m=5 I=[2] degenerate h=[1/4, 1/2, 1] lam=(1, 2): all faces individually degenerate: True
case 282: m=5 |I|=1  degeneracies=1  H consistent: True
case 283: m=5 |I|=4  degeneracies=0  H consistent: True
case 284: m=4 |I|=3  degeneracies=0  H consistent: True
case 285: m=4 |I|=4  degeneracies=0  H consistent: True
case 286: m=6 |I|=5  degeneracies=0  H consistent: True
case 287: m=4 |I|=2  degeneracies=0  H consistent: True
case 288: m=6 |I|=3  degeneracies=0  H consistent: True
case 289: m=4 |I|=3  degeneracies=0  H consistent: True
  m=6 I=[5] degenerate h=[16, -4, 1] lam=(1, -1/4): all faces individually degenerate: True
case 290: m=6 |I|=1  degeneracies=1  H consistent: True
case 291: m=5 |I|=2  degeneracies=0  H consistent: True
case 292: m=5 |I|=4  degeneracies=0  H consistent: True
case 293: m=5 |I|=4  degeneracies=0  H consistent: True
case 294: m=6 |I|=2  degeneracies=0  H consistent: True
case 295: m=3 |I|=3  degeneracies=0  H consistent: True
case 296: m=5 |I|=4  degeneracies=0  H consistent: True
case 297: m=6 |I|=2  degeneracies=0  H consistent: True
case 298: m=6 |I|=4  degeneracies=0  H consistent: True
case 299: m=6 |I|=4  degeneracies=0  H consistent: True
case 300: m=6 |I|=3  degeneracies=0  H consistent: True
  m=5 I=[4] degenerate h=[4, 2, 1] lam=(1, 1/2): all faces individually degenerate: True
case 301: m=5 |I|=1  degeneracies=1  H consistent: True
case 302: m=6 |I|=4  degeneracies=0  H consistent: True
  m=3 I=[2] degenerate h=[49/16, -7/4, 1] lam=(1, -4/7): all faces individually degenerate: True
case 303: m=3 |I|=1  degeneracies=1  H consistent: True
case 304: m=6 |I|=6  degeneracies=0  H consistent: True
case 305: m=4 |I|=4  degeneracies=0  H consistent: True
case 306: m=6 |I|=3  degeneracies=0  H consistent: True
  m=5 I=[3] degenerate h=[1, 1, 1] lam=(1, 1): all faces individually degenerate: True
case 307: m=5 |I|=1  degeneracies=1  H consistent: True
case 308: m=3 |I|=3  degeneracies=0  H consistent: True
case 309: m=4 |I|=4  degeneracies=0  H consistent: True
case 310: m=4 |I|=3  degeneracies=0  H consistent: True
case 311: m=6 |I|=4  degeneracies=0  H consistent: True
case 312: m=6 |I|=3  degeneracies=0  H consistent: True
case 313: m=5 |I|=4  degeneracies=0  H consistent: True
case 314: m=5 |I|=3  degeneracies=0  H consistent: True
case 315: m=5 |I|=4  degeneracies=0  H consistent: True
  m=6 I=[1] degenerate h=[1/16, -1/4, 1] lam=(1, -4): all faces individually degenerate: True
case 316: m=6 |I|=1  degeneracies=1  H consistent: True
  m=5 I=[3] degenerate h=[0, 0, 1] lam=(0, 1): all faces individually degenerate: True
case 317: m=5 |I|=1  degeneracies=1  H consistent: True
  m=4 I=[0] degenerate h=[0, 0, 1] lam=(0, 1): all faces individually degenerate: True
case 318: m=4 |I|=1  degeneracies=1  H consistent: True
case 319: m=6 |I|=4  degeneracies=0  H consistent: True
case 320: m=6 |I|=5  degeneracies=0  H consistent: True
  m=5 I=[3, 4] degenerate h=[1, -1, 1] lam=(1, -1): all faces individually degenerate: True
case 321: m=5 |I|=2  degeneracies=1  H consistent: True
case 322: m=5 |I|=3  degeneracies=0  H consistent: True
case 323: m=6 |I|=3  degeneracies=0  H consistent: True
case 324: m=5 |I|=2  degeneracies=0  H consistent: True
  m=5 I=[2] degenerate h=[16/9, -4/3, 1] lam=(1, -3/4): all faces individually degenerate: True
case 325: m=5 |I|=1  degeneracies=1  H consistent: True
case 326: m=4 |I|=2  degeneracies=0  H consistent: True
case 327: m=6 |I|=2  degeneracies=0  H consistent: True
case 328: m=5 |I|=5  degeneracies=0  H consistent: True
  m=6 I=[5] degenerate h=[16/9, -4/3, 1] lam=(1, -3/4): all faces individually degenerate: True
case 329: m=6 |I|=1  degeneracies=1  H consistent: True
case 330: m=6 |I|=6  degeneracies=0  H consistent: True
case 331: m=5 |I|=3  degeneracies=0  H consistent: True
case 332: m=6 |I|=5  degeneracies=0  H consistent: True
case 333: m=6 |I|=4  degeneracies=0  H consistent: True
  m=3 I=[2] degenerate h=[4, 2, 1] lam=(1, 1/2): all faces individually degenerate: True
case 334: m=3 |I|=1  degeneracies=1  H consistent: True
case 335: m=5 |I|=3  degeneracies=0  H consistent: True
case 336: m=5 |I|=4  degeneracies=0  H consistent: True
case 337: m=5 |I|=4  degeneracies=0  H consistent: True
case 338: m=6 |I|=5  degeneracies=0  H consistent: True
case 339: m=4 |I|=4  degeneracies=0  H consistent: True
case 340: m=5 |I|=2  degeneracies=0  H consistent: True
case 341: m=3 |I|=2  degeneracies=0  H consistent: True
  m=4 I=[3] degenerate h=[16, 4, 1] lam=(1, 1/4): all faces individually degenerate: True
case 342: m=4 |I|=1  degeneracies=1  H consistent: True
  m=4 I=[1] degenerate h=[1, -1, 1] lam=(1, -1): all faces individually degenerate: True
case 343: m=4 |I|=1  degeneracies=1  H consistent: True
case 344: m=5 |I|=4  degeneracies=0  H consistent: True
  m=5 I=[1] degenerate h=[4, -2, 1] lam=(1, -1/2): all faces individually degenerate: True
case 345: m=5 |I|=1  degeneracies=1  H consistent: True
case 346: m=5 |I|=2  degeneracies=0  H consistent: True
  m=4 I=[3] degenerate h=[1, 0, 0] lam=(1, 0): all faces individually degenerate: True
case 347: m=4 |I|=1  degeneracies=1  H consistent: True
case 348: m=5 |I|=2  degeneracies=0  H consistent: True
case 349: m=5 |I|=4  degeneracies=0  H consistent: True
case 350: m=5 |I|=2  degeneracies=0  H consistent: True
case 351: m=3 |I|=3  degeneracies=0  H consistent: True
case 352: m=6 |I|=5  degeneracies=0  H consistent: True
  m=5 I=[3] degenerate h=[1, 0, 0] lam=(1, 0): all faces individually degenerate: True
case 353: m=5 |I|=1  degeneracies=1  H consistent: True
case 354: m=5 |I|=2  degeneracies=0  H consistent: True
case 355: m=4 |I|=4  degeneracies=0  H consistent: True
case 356: m=5 |I|=3  degeneracies=0  H consistent: True
  m=5 I=[3] degenerate h=[16/9, 4/3, 1] lam=(1, 3/4): all faces individually degenerate: True
case 357: m=5 |I|=1  degeneracies=1  H consistent: True
case 358: m=4 |I|=3  degeneracies=0  H consistent: True
case 359: m=4 |I|=3  degeneracies=0  H consistent: True
case 360: m=6 |I|=2  degeneracies=0  H consistent: True
case 361: m=5 |I|=3  degeneracies=0  H consistent: True
case 362: m=5 |I|=5  degeneracies=0  H consistent: True
case 363: m=5 |I|=5  degeneracies=0  H consistent: True
  m=5 I=[0] degenerate h=[1, -1, 1] lam=(1, -1): all faces individually degenerate: True
case 364: m=5 |I|=1  degeneracies=1  H consistent: True
case 365: m=6 |I|=6  degeneracies=0  H consistent: True
case 366: m=4 |I|=2  degeneracies=0  H consistent: True
case 367: m=5 |I|=4  degeneracies=0  H consistent: True
case 368: m=6 |I|=3  degeneracies=0  H consistent: True
  m=5 I=[4] degenerate h=[16, -4, 1] lam=(1, -1/4): all faces individually degenerate: True
case 369: m=5 |I|=1  degeneracies=1  H consistent: True
case 370: m=6 |I|=4  degeneracies=0  H consistent: True
case 371: m=6 |I|=2  degeneracies=0  H consistent: True
case 372: m=6 |I|=2  degeneracies=0  H consistent: True
case 373: m=5 |I|=3  degeneracies=0  H consistent: True
case 374: m=6 |I|=4  degeneracies=0  H consistent: True
case 375: m=4 |I|=2  degeneracies=0  H consistent: True
case 376: m=5 |I|=5  degeneracies=0  H consistent: True
case 377: m=6 |I|=6  degeneracies=0  H consistent: True
case 378: m=4 |I|=2  degeneracies=0  H consistent: True
case 379: m=5 |I|=4  degeneracies=0  H consistent: True
case 380: m=6 |I|=6  degeneracies=0  H consistent: True
  m=4 I=[2] degenerate h=[9/25, -3/5, 1] lam=(1, -5/3): all faces individually degenerate: True
case 381: m=4 |I|=1  degeneracies=1  H consistent: True
case 382: m=4 |I|=3  degeneracies=0  H consistent: True
case 383: m=3 |I|=2  degeneracies=0  H consistent: True
case 384: m=5 |I|=4  degeneracies=0  H consistent: True
case 385: m=4 |I|=3  degeneracies=0  H consistent: True
case 386: m=5 |I|=4  degeneracies=0  H consistent: True
case 387: m=5 |I|=4  degeneracies=0  H consistent: True
case 388: m=5 |I|=5  degeneracies=0  H consistent: True
case 389: m=4 |I|=4  degeneracies=0  H consistent: True
case 390: m=5 |I|=4  degeneracies=0  H consistent: True
case 391: m=6 |I|=2  degeneracies=0  H consistent: True
case 392: m=6 |I|=2  degeneracies=0  H consistent: True
case 393: m=6 |I|=4  degeneracies=0  H consistent: True
case 394: m=3 |I|=3  degeneracies=0  H consistent: True
case 395: m=4 |I|=4  degeneracies=0  H consistent: True
  m=6 I=[4] degenerate h=[1, 1, 1] lam=(1, 1): all faces individually degenerate: True
case 396: m=6 |I|=1  degeneracies=1  H consistent: True
case 397: m=5 |I|=2  degeneracies=0  H consistent: True
case 398: m=6 |I|=2  degeneracies=0  H consistent: True
case 399: m=5 |I|=5  degeneracies=0  H consistent: True
case 400: m=4 |I|=2  degeneracies=0  H consistent: True
case 401: m=6 |I|=2  degeneracies=0  H consistent: True
  m=3 I=[0] degenerate h=[9/16, -3/4, 1] lam=(1, -4/3): all faces individually degenerate: True
case 402: m=3 |I|=1  degeneracies=1  H consistent: True
case 403: m=5 |I|=5  degeneracies=0  H consistent: True
  m=4 I=[0] degenerate h=[1/25, 1/5, 1] lam=(1, 5): all faces individually degenerate: True
case 404: m=4 |I|=1  degeneracies=1  H consistent: True
case 405: m=4 |I|=3  degeneracies=0  H consistent: True
case 406: m=5 |I|=2  degeneracies=0  H consistent: True
case 407: m=6 |I|=4  degeneracies=0  H consistent: True
case 408: m=6 |I|=3  degeneracies=0  H consistent: True
case 409: m=4 |I|=4  degeneracies=0  H consistent: True
case 410: m=5 |I|=5  degeneracies=0  H consistent: True
case 411: m=5 |I|=2  degeneracies=0  H consistent: True
case 412: m=4 |I|=2  degeneracies=0  H consistent: True
case 413: m=4 |I|=2  degeneracies=0  H consistent: True
case 414: m=6 |I|=3  degeneracies=0  H consistent: True
case 415: m=6 |I|=4  degeneracies=0  H consistent: True
  m=4 I=[3] degenerate h=[1/4, -1/2, 1] lam=(1, -2): all faces individually degenerate: True
case 416: m=4 |I|=1  degeneracies=1  H consistent: True
case 417: m=5 |I|=4  degeneracies=0  H consistent: True
case 418: m=6 |I|=4  degeneracies=0  H consistent: True
  m=6 I=[1] degenerate h=[1, 1, 1] lam=(1, 1): all faces individually degenerate: True
case 419: m=6 |I|=1  degeneracies=1  H consistent: True
case 420: m=5 |I|=2  degeneracies=0  H consistent: True
case 421: m=6 |I|=5  degeneracies=0  H consistent: True
case 422: m=5 |I|=2  degeneracies=0  H consistent: True
case 423: m=6 |I|=5  degeneracies=0  H consistent: True
case 424: m=5 |I|=3  degeneracies=0  H consistent: True
  m=6 I=[3] degenerate h=[1, -1, 1] lam=(1, -1): all faces individually degenerate: True
case 425: m=6 |I|=1  degeneracies=1  H consistent: True
case 426: m=6 |I|=2  degeneracies=0  H consistent: True
case 427: m=3 |I|=2  degeneracies=0  H consistent: True
case 428: m=6 |I|=4  degeneracies=0  H consistent: True
case 429: m=5 |I|=3  degeneracies=0  H consistent: True
case 430: m=5 |I|=5  degeneracies=0  H consistent: True
  m=6 I=[2] degenerate h=[4, 2, 1] lam=(1, 1/2): all faces individually degenerate: True
case 431: m=6 |I|=1  degeneracies=1  H consistent: True
case 432: m=6 |I|=2  degeneracies=0  H consistent: True
  m=5 I=[2] degenerate h=[1, 1, 1] lam=(1, 1): all faces individually degenerate: True
case 433: m=5 |I|=1  degeneracies=1  H consistent: True
case 434: m=6 |I|=5  degeneracies=0  H consistent: True
case 435: m=4 |I|=2  degeneracies=0  H consistent: True
case 436: m=4 |I|=2  degeneracies=0  H consistent: True
  m=6 I=[4] degenerate h=[1/9, 1/3, 1] lam=(1, 3): all faces individually degenerate: True
case 437: m=6 |I|=1  degeneracies=1  H consistent: True
case 438: m=6 |I|=3  degeneracies=0  H consistent: True
case 439: m=5 |I|=5  degeneracies=0  H consistent: True
  m=5 I=[0, 1] degenerate h=[1, 0, 0] lam=(1, 0): all faces individually degenerate: True
case 440: m=5 |I|=2  degeneracies=1  H consistent: True
  m=5 I=[0] degenerate h=[1/4, 1/2, 1] lam=(1, 2): all faces individually degenerate: True
case 441: m=5 |I|=1  degeneracies=1  H consistent: True
  m=6 I=[0] degenerate h=[1, 0, 0] lam=(1, 0): all faces individually degenerate: True
case 442: m=6 |I|=1  degeneracies=1  H consistent: True
  m=5 I=[1, 4] degenerate h=[9/16, 3/4, 1] lam=(1, 4/3): all faces individually degenerate: True
case 443: m=5 |I|=2  degeneracies=1  H consistent: True
case 444: m=4 |I|=2  degeneracies=0  H consistent: True
case 445: m=6 |I|=2  degeneracies=0  H consistent: True
case 446: m=4 |I|=2  degeneracies=0  H consistent: True
case 447: m=6 |I|=2  degeneracies=0  H consistent: True
case 448: m=5 |I|=5  degeneracies=0  H consistent: True
case 449: m=5 |I|=2  degeneracies=0  H consistent: True
case 450: m=6 |I|=6  degeneracies=0  H consistent: True
case 451: m=6 |I|=4  degeneracies=0  H consistent: True
case 452: m=6 |I|=5  degeneracies=0  H consistent: True
case 453: m=6 |I|=5  degeneracies=0  H consistent: True
case 454: m=5 |I|=2  degeneracies=0  H consistent: True
case 455: m=6 |I|=6  degeneracies=0  H consistent: True
case 456: m=4 |I|=3  degeneracies=0  H consistent: True
case 457: m=5 |I|=2  degeneracies=0  H consistent: True
  m=4 I=[3] degenerate h=[1, 0, 0] lam=(1, 0): all faces individually degenerate: True
case 458: m=4 |I|=1  degeneracies=1  H consistent: True
  m=4 I=[1] degenerate h=[4/9, -2/3, 1] lam=(1, -3/2): all faces individually degenerate: True
case 459: m=4 |I|=1  degeneracies=1  H consistent: True
  m=3 I=[1] degenerate h=[9/16, 3/4, 1] lam=(1, 4/3): all faces individually degenerate: True
case 460: m=3 |I|=1  degeneracies=1  H consistent: True
  m=6 I=[5] degenerate h=[1, 0, 0] lam=(1, 0): all faces individually degenerate: True
case 461: m=6 |I|=1  degeneracies=1  H consistent: True
case 462: m=5 |I|=3  degeneracies=0  H consistent: True
case 463: m=6 |I|=3  degeneracies=0  H consistent: True
  m=3 I=[0] degenerate h=[1, -1, 1] lam=(1, -1): all faces individually degenerate: True
case 464: m=3 |I|=1  degeneracies=1  H consistent: True
case 465: m=6 |I|=3  degeneracies=0  H consistent: True
  m=4 I=[3] degenerate h=[9, -3, 1] lam=(1, -1/3): all faces individually degenerate: True
case 466: m=4 |I|=1  degeneracies=1  H consistent: True
  m=5 I=[0] degenerate h=[1, 0, 0] lam=(1, 0): all faces individually degenerate: True
case 467: m=5 |I|=1  degeneracies=1  H consistent: True
  m=6 I=[5] degenerate h=[4, -2, 1] lam=(1, -1/2): all faces individually degenerate: True
case 468: m=6 |I|=1  degeneracies=1  H consistent: True
  m=5 I=[1] degenerate h=[9/4, -3/2, 1] lam=(1, -2/3): all faces individually degenerate: True
case 469: m=5 |I|=1  degeneracies=1  H consistent: True
  m=5 I=[1] degenerate h=[4/9, 2/3, 1] lam=(1, 3/2): all faces individually degenerate: True
case 470: m=5 |I|=1  degeneracies=1  H consistent: True
case 471: m=4 |I|=4  degeneracies=0  H consistent: True
case 472: m=6 |I|=3  degeneracies=0  H consistent: True
case 473: m=6 |I|=6  degeneracies=0  H consistent: True
case 474: m=5 |I|=3  degeneracies=0  H consistent: True
  m=5 I=[1] degenerate h=[1/4, -1/2, 1] lam=(1, -2): all faces individually degenerate: True
case 475: m=5 |I|=1  degeneracies=1  H consistent: True
case 476: m=4 |I|=4  degeneracies=0  H consistent: True
case 477: m=4 |I|=4  degeneracies=0  H consistent: True
case 478: m=4 |I|=2  degeneracies=0  H consistent: True
case 479: m=6 |I|=3  degeneracies=0  H consistent: True
  m=5 I=[3] degenerate h=[0, 0, 1] lam=(0, 1): all faces individually degenerate: True
case 480: m=5 |I|=1  degeneracies=1  H consistent: True
case 481: m=4 |I|=3  degeneracies=0  H consistent: True
case 482: m=5 |I|=2  degeneracies=0  H consistent: True
case 483: m=6 |I|=2  degeneracies=0  H consistent: True
  m=4 I=[2] degenerate h=[4, -2, 1] lam=(1, -1/2): all faces individually degenerate: True
case 484: m=4 |I|=1  degeneracies=1  H consistent: True
case 485: m=5 |I|=3  degeneracies=0  H consistent: True
  m=3 I=[0] degenerate h=[4/9, -2/3, 1] lam=(1, -3/2): all faces individually degenerate: True
case 486: m=3 |I|=1  degeneracies=1  H consistent: True
case 487: m=6 |I|=3  degeneracies=0  H consistent: True
  m=5 I=[4] degenerate h=[4, 2, 1] lam=(1, 1/2): all faces individually degenerate: True
case 488: m=5 |I|=1  degeneracies=1  H consistent: True
case 489: m=3 |I|=2  degeneracies=0  H consistent: True
  m=5 I=[1] degenerate h=[16, -4, 1] lam=(1, -1/4): all faces individually degenerate: True
case 490: m=5 |I|=1  degeneracies=1  H consistent: True
case 491: m=6 |I|=5  degeneracies=0  H consistent: True
case 492: m=5 |I|=3  degeneracies=0  H consistent: True
case 493: m=6 |I|=3  degeneracies=0  H consistent: True
case 494: m=4 |I|=4  degeneracies=0  H consistent: True
  m=5 I=[0] degenerate h=[1, 1, 1] lam=(1, 1): all faces individually degenerate: True
case 495: m=5 |I|=1  degeneracies=1  H consistent: True
case 496: m=5 |I|=2  degeneracies=0  H consistent: True
case 497: m=5 |I|=3  degeneracies=0  H consistent: True
case 498: m=4 |I|=2  degeneracies=0  H consistent: True
case 499: m=5 |I|=3  degeneracies=0  H consistent: True
case 500: m=5 |I|=4  degeneracies=0  H consistent: True
case 501: m=6 |I|=5  degeneracies=0  H consistent: True
case 502: m=5 |I|=3  degeneracies=0  H consistent: True
case 503: m=6 |I|=4  degeneracies=0  H consistent: True
  m=3 I=[0] degenerate h=[25/4, -5/2, 1] lam=(1, -2/5): all faces individually degenerate: True
case 504: m=3 |I|=1  degeneracies=1  H consistent: True
case 505: m=4 |I|=4  degeneracies=0  H consistent: True
case 506: m=4 |I|=2  degeneracies=0  H consistent: True
case 507: m=5 |I|=3  degeneracies=0  H consistent: True
case 508: m=4 |I|=4  degeneracies=0  H consistent: True
  m=6 I=[1, 2] degenerate h=[1, 0, 0] lam=(1, 0): all faces individually degenerate: True
case 509: m=6 |I|=2  degeneracies=1  H consistent: True
case 510: m=6 |I|=4  degeneracies=0  H consistent: True
case 511: m=5 |I|=3  degeneracies=0  H consistent: True
case 512: m=5 |I|=5  degeneracies=0  H consistent: True
case 513: m=4 |I|=3  degeneracies=0  H consistent: True
  m=6 I=[1, 5] degenerate h=[1, -1, 1] lam=(1, -1): all faces individually degenerate: True
case 514: m=6 |I|=2  degeneracies=1  H consistent: True
case 515: m=6 |I|=3  degeneracies=0  H consistent: True
  m=6 I=[4] degenerate h=[1/16, -1/4, 1] lam=(1, -4): all faces individually degenerate: True
case 516: m=6 |I|=1  degeneracies=1  H consistent: True
case 517: m=6 |I|=6  degeneracies=0  H consistent: True
case 518: m=5 |I|=4  degeneracies=0  H consistent: True
  m=4 I=[1] degenerate h=[1/4, -1/2, 1] lam=(1, -2): all faces individually degenerate: True
case 519: m=4 |I|=1  degeneracies=1  H consistent: True
case 520: m=6 |I|=3  degeneracies=0  H consistent: True
  m=6 I=[0, 3, 4] degenerate h=[1, -1, 1] lam=(1, -1): all faces individually degenerate: True
case 521: m=6 |I|=3  degeneracies=1  H consistent: True
case 522: m=5 |I|=4  degeneracies=0  H consistent: True
case 523: m=6 |I|=5  degeneracies=0  H consistent: True
case 524: m=6 |I|=3  degeneracies=0  H consistent: True
case 525: m=6 |I|=4  degeneracies=0  H consistent: True
case 526: m=4 |I|=4  degeneracies=0  H consistent: True
case 527: m=5 |I|=5  degeneracies=0  H consistent: True
  m=3 I=[1] degenerate h=[25, 5, 1] lam=(1, 1/5): all faces individually degenerate: True
case 528: m=3 |I|=1  degeneracies=1  H consistent: True
case 529: m=3 |I|=2  degeneracies=0  H consistent: True
case 530: m=6 |I|=4  degeneracies=0  H consistent: True
  m=4 I=[1] degenerate h=[9, -3, 1] lam=(1, -1/3): all faces individually degenerate: True
case 531: m=4 |I|=1  degeneracies=1  H consistent: True
case 532: m=6 |I|=3  degeneracies=0  H consistent: True
case 533: m=6 |I|=2  degeneracies=0  H consistent: True
case 534: m=4 |I|=4  degeneracies=0  H consistent: True
case 535: m=6 |I|=3  degeneracies=0  H consistent: True
case 536: m=4 |I|=3  degeneracies=0  H consistent: True
case 537: m=4 |I|=4  degeneracies=0  H consistent: True
case 538: m=6 |I|=3  degeneracies=0  H consistent: True
case 539: m=6 |I|=5  degeneracies=0  H consistent: True
case 540: m=5 |I|=4  degeneracies=0  H consistent: True
case 541: m=5 |I|=5  degeneracies=0  H consistent: True
case 542: m=5 |I|=4  degeneracies=0  H consistent: True
case 543: m=4 |I|=4  degeneracies=0  H consistent: True
case 544: m=5 |I|=2  degeneracies=0  H consistent: True
case 545: m=5 |I|=2  degeneracies=0  H consistent: True
  m=5 I=[3] degenerate h=[4/9, -2/3, 1] lam=(1, -3/2): all faces individually degenerate: True
case 546: m=5 |I|=1  degeneracies=1  H consistent: True
case 547: m=6 |I|=4  degeneracies=0  H consistent: True
case 548: m=4 |I|=3  degeneracies=0  H consistent: True
case 549: m=6 |I|=4  degeneracies=0  H consistent: True
  m=4 I=[0] degenerate h=[36, -6, 1] lam=(1, -1/6): all faces individually degenerate: True
case 550: m=4 |I|=1  degeneracies=1  H consistent: True
case 551: m=5 |I|=3  degeneracies=0  H consistent: True
case 552: m=5 |I|=4  degeneracies=0  H consistent: True
case 553: m=4 |I|=4  degeneracies=0  H consistent: True
case 554: m=4 |I|=2  degeneracies=0  H consistent: True
case 555: m=6 |I|=4  degeneracies=0  H consistent: True
case 556: m=6 |I|=6  degeneracies=0  H consistent: True
case 557: m=4 |I|=4  degeneracies=0  H consistent: True
case 558: m=4 |I|=2  degeneracies=0  H consistent: True
case 559: m=5 |I|=4  degeneracies=0  H consistent: True
  m=4 I=[2] degenerate h=[4, 2, 1] lam=(1, 1/2): all faces individually degenerate: True
case 560: m=4 |I|=1  degeneracies=1  H consistent: True
case 561: m=5 |I|=3  degeneracies=0  H consistent: True
case 562: m=5 |I|=3  degeneracies=0  H consistent: True
case 563: m=4 |I|=4  degeneracies=0  H consistent: True
  m=4 I=[2] degenerate h=[4/9, -2/3, 1] lam=(1, -3/2): all faces individually degenerate: True
case 564: m=4 |I|=1  degeneracies=1  H consistent: True
case 565: m=6 |I|=6  degeneracies=0  H consistent: True
case 566: m=5 |I|=4  degeneracies=0  H consistent: True
  m=5 I=[2] degenerate h=[4/25, -2/5, 1] lam=(1, -5/2): all faces individually degenerate: True
case 567: m=5 |I|=1  degeneracies=1  H consistent: True
case 568: m=6 |I|=6  degeneracies=0  H consistent: True
case 569: m=3 |I|=3  degeneracies=0  H consistent: True
case 570: m=4 |I|=4  degeneracies=0  H consistent: True
case 571: m=6 |I|=4  degeneracies=0  H consistent: True
case 572: m=6 |I|=5  degeneracies=0  H consistent: True
case 573: m=6 |I|=4  degeneracies=0  H consistent: True
case 574: m=6 |I|=5  degeneracies=0  H consistent: True
case 575: m=5 |I|=5  degeneracies=0  H consistent: True
case 576: m=4 |I|=4  degeneracies=0  H consistent: True
case 577: m=4 |I|=3  degeneracies=0  H consistent: True
  m=5 I=[1] degenerate h=[1, 0, 0] lam=(1, 0): all faces individually degenerate: True
case 578: m=5 |I|=1  degeneracies=1  H consistent: True
case 579: m=6 |I|=4  degeneracies=0  H consistent: True
  m=4 I=[3] degenerate h=[16, -4, 1] lam=(1, -1/4): all faces individually degenerate: True
case 580: m=4 |I|=1  degeneracies=1  H consistent: True
case 581: m=5 |I|=5  degeneracies=0  H consistent: True
  m=5 I=[2, 4] degenerate h=[1, 1, 1] lam=(1, 1): all faces individually degenerate: True
case 582: m=5 |I|=2  degeneracies=1  H consistent: True
